username;date;retweets;favorites;text;geo;mentions;hashtags;id;permalink
JackieNorena;2018-07-21 23:52;0;0;"It’s about that time....Dotty’s Double Wide here I come. # dottiesboublewide # whitecenter # bar # drank # longday @White Center, Washington https://www.instagram.com/p/Blg0iqfFzwj/?utm_source=ig_twitter_share&igshid=1osexvwyctbc3 …";;@White;# # # # #;"1020818894657859586";https://twitter.com/JackieNorena/status/1020818894657859586
HHCRichmond;2018-07-21 23:17;0;0;"# KUSHSYRUP NOW AVAILABLE AT # HolisticHealingCollective # drank # thc # kushsyrup # loud # edibles # top # cannabis # infused # highlife # cookies # ogkush # kush # sizzurppic.twitter.com/FBbSFWBcMj";;;# # # # # # # # # # # # # # #;"1020810088775204864";https://twitter.com/HHCRichmond/status/1020810088775204864
LaFleursWinery;2018-07-21 20:20;0;0;"# Comicon is here # SanDiego don't forget to stop by La Fleur's Winery to keep the celebration going! # WineGeek Not all # Superheroes wear capes-some pour glasses of wine # SanMarcosCA # Wine # Wino # WhiteWine # RedWine # WineNot # Drank # Drunk # Hipster # Drinks # SanDiego # SD # Comicon2018pic.twitter.com/Lw6wRPlY6z";;;# # # # # # # # # # # # # # # # #;"1020765357253058560";https://twitter.com/LaFleursWinery/status/1020765357253058560
CannabisHealth2;2018-07-21 20:08;0;0;"A video of us making # thc # drank using # syrup # thompson # caribou # sprite # naturalmedicine # alcohol # replacement # cannabis # cannabiscommunity # highlife # legalization #2018 # canada https://www.instagram.com/p/BlgapmLn52x/?utm_source=ig_twitter_share&igshid=1xak75rud69t2 …";;;# # # # # # # # # # # # # #2018 #;"1020762368484098048";https://twitter.com/CannabisHealth2/status/1020762368484098048
Fats_Money;2018-07-21 19:17;0;0;"I’m My MvaFvkin Zone # meditation # ritual # sacrifice # hennessy # vsop # drank # po # pourup # henny # henndawg # hennythingispossible # henna @Onestop-multimedia https://www.instagram.com/p/BlgU_4Cgxzw/?utm_source=ig_twitter_share&igshid=akmo5bl7qnog …";;@Onestop;# # # # # # # # # # # #;"1020749526162866176";https://twitter.com/Fats_Money/status/1020749526162866176
Itsjayswiss;2018-07-21 04:55;0;0;"When u playing 13 and they want to play one more game and u tied for the wins for the night # GoodHands # Cards # LoudPac # Thirteen # Drank # Flatline # Winning # FLENT # KickingBack # Weekend… https://www.instagram.com/p/BleyWNGll1K/?utm_source=ig_twitter_share&igshid=1dj1yhwsfkeet …";;;# # # # # # # # # #;"1020532595552063488";https://twitter.com/Itsjayswiss/status/1020532595552063488
KBCTG;2018-07-21 04:25;0;0;"Fishscale Beats loves the # bigdrank # lean # Drank . http://Killahbeats.bandcamp.com # LegendInifinitiumLP Go bump that.pic.twitter.com/kqMILArg6B";;;# # # #;"1020525120123785216";https://twitter.com/KBCTG/status/1020525120123785216
_Almost_Nubs_;2018-07-21 03:09;0;0;"I'm D R U N K # drank # Drinking # drunk";;;# # #;"1020505918159695877";https://twitter.com/_Almost_Nubs_/status/1020505918159695877
SMarcoHugh;2018-07-21 02:54;0;0;"Time to turn into a lush lagoon before my flight! # sangria # alcohol # lush # drink # drank # fruit # fruits # fruity # yum # drunk @LAX https://www.instagram.com/p/BlekhDjBLpQ/?utm_source=ig_twitter_share&igshid=v1iz63zur7i6 …";;@LAX;# # # # # # # # # #;"1020502185325604864";https://twitter.com/SMarcoHugh/status/1020502185325604864
_alexandraaaaaa;2018-07-21 01:30;0;0;"cracked this bitch open tonight # henny # hennessy # sip # drank # friday # hennywhite @Miami Gardens, Florida https://www.instagram.com/p/Bleav-Nn9Jj/?utm_source=ig_twitter_share&igshid=1h6iyk7akogoc …";;@Miami;# # # # # #;"1020481038252900359";https://twitter.com/_alexandraaaaaa/status/1020481038252900359
MirandaParker33;2018-07-21 00:15;0;0;"RT CanTattooGirls "RT steph_lake: # summer # summervibes # tan # currentstatus # drank # tattoogirls # inkedgirls # piercings # curvygirl # friday @Boise, Idaho https://www.instagram.com/p/BleMQIUAakT/?utm_source=ig_twitter_share&igshid=y6esphhfj4b3 …"";;@Boise;# # # # # # # # # #;"1020462226321432578";https://twitter.com/MirandaParker33/status/1020462226321432578
gregglasman;2018-07-20 23:20;1;1;"Wine is Bottled and ready to mature! Such fun making your own wine! # wine # winemaking # bottleyourown # personalreserve # riesling # firsttime # fun # funtimes # trynewthings # drinks # drank… https://www.instagram.com/p/BleMCdWHhKC/?utm_source=ig_twitter_share&igshid=1uhgk5ifkwhpa …";;;# # # # # # # # # # #;"1020448347595960320";https://twitter.com/gregglasman/status/1020448347595960320
BlindPigDeland;2018-07-20 22:18;0;0;"Tropical Nights # deland # theblindpig # volusia # tropicalnights # stetsonu # mainstreetusa # party # craftbeer # pig # drinking # drank # drunk @The Blind Pig DeLand https://www.instagram.com/p/BleE6Ncgfa1/?utm_source=ig_twitter_share&igshid=1knzqsjydsurj …";;@The;# # # # # # # # # # # #;"1020432727580037121";https://twitter.com/BlindPigDeland/status/1020432727580037121
JoshEvely;2018-07-20 21:19;0;0;"When the planes delayed and you don’t hate it - - - # drink # drinks # work # flight # delayed # dontcare # shrimp # deepfried # rum # coke # icetea # drunk # drank # summer # loveit # lifestyle # food… https://www.instagram.com/p/Bld-MBBHiWy/?utm_source=ig_twitter_share&igshid=17d2z7y0qf4qb …";;;# # # # # # # # # # # # # # # # #;"1020417890070269952";https://twitter.com/JoshEvely/status/1020417890070269952
LaFleursWinery;2018-07-20 20:10;0;0;"# Comicon is here # SanDiego # WineGeek # SanMarcosCA # LaFleursWinery # UrbanWinery # Wine # Vino # Vinho # WineOclock # JustWine # Wino # Instawine # ItsFiveOclockSomehwere # WhiteWine # RedWine # WineTime # WinePorn # WineSnob # WineDown # WineNot # Drank # Drunk # Hipster # Drinks # SanDiego # SDpic.twitter.com/tttrDPfcA0";;;# # # # # # # # # # # # # # # # # # # # # # # # # # #;"1020400454461788161";https://twitter.com/LaFleursWinery/status/1020400454461788161
mewstavern;2018-07-20 19:01;0;0;"When our # AlligatorBowl is so good you have to take a picture of it so you can remember it forever! | Instagram via sammonitoza | # WeekendVibes # MewsTavern # WakefieldRI # RhodeIsland # Drank # UniversityofRhodeIslandpic.twitter.com/6JvzWeoRqw";;;# # # # # # #;"1020383142597754885";https://twitter.com/mewstavern/status/1020383142597754885
2017isabigL;2018-07-20 17:17;0;1;"Beachin drankin # slut # hoe # CoorsLightSummer # drank # Sexy # pawg # redbikini # boobs # thicc # nomakeuppic.twitter.com/be9dKZBrf6";;;# # # # # # # # # #;"1020356975123550208";https://twitter.com/2017isabigL/status/1020356975123550208
CBANGRICE;2018-07-20 13:36;0;0;"Happy Friday y’all! Finish up this work week so we can get to the fun! # tgif # happyfriday # instagood # drank # staypositive # visualsoflife # memes # theweekend # comedian # bangrice # funnyaf… https://www.instagram.com/p/BldI9jBHrk2/?utm_source=ig_twitter_share&igshid=lbzzzk4c009g …";;;# # # # # # # # # # #;"1020301302142853120";https://twitter.com/CBANGRICE/status/1020301302142853120
justkyledavid;2018-07-20 12:38;1;4;"When you do a little poot and it smells like a dozen people dying # drank";;;#;"1020286788798066688";https://twitter.com/justkyledavid/status/1020286788798066688
Stukuls;2018-07-20 12:21;0;4;"Too late. # booze # caturday # 2flavsnochuck # miscegenator # drink # drinking # Miscegenator # drank # hangover # beer # alcohol # music # punk # hardcore # brooklyn # cats # catsofinstagram # tgif # weekend # punkrock # catstagram # cutecat # friday # penguin # penguins # 企鵝 # 펭귄 # пингвин # ペンギンpic.twitter.com/fpyOO0Z2Ix";;;# # # # # # # # # # # # # # # # # # # # # # # # # # # # #;"1020282498285268992";https://twitter.com/Stukuls/status/1020282498285268992
SC_SupremeOG;2018-07-20 02:41;1;1;"EVERYTHING I DO IS SUPER GALORE!! # spaceclan # fbg # nike # durag # fashion # highfashion # drank # nocap # drip # streetwear # streetstyle # streetfashion https://www.instagram.com/p/Blb-O37A_aj/?utm_source=ig_twitter_share&igshid=1iiacyq5lwqxl …";;;# # # # # # # # # # # #;"1020136518625701889";https://twitter.com/SC_SupremeOG/status/1020136518625701889
EGuz27;2018-07-20 01:04;0;0;"C'mon! I drank my # DRANK every morning and I'm not undersize!";;;#;"1020112060536049665";https://twitter.com/EGuz27/status/1020112060536049665
MoistMurderer;2018-07-19 22:27;0;0;"# tbt Kenmare with the kid # GoodTimes # Drank https://www.instagram.com/p/BlbhM18lsr4/?utm_source=ig_twitter_share&igshid=1qyb827eq6azm …";;;# # #;"1020072673072861185";https://twitter.com/MoistMurderer/status/1020072673072861185
JonnyEpcat;2018-07-19 19:48;0;1;"Beau’s first swimming lesson # swimmingpools # drank # manyfilters @Williamsburg, Brooklyn https://www.instagram.com/p/BlbOuscg0eC/?utm_source=ig_twitter_share&igshid=epkul5nmp0el …";;@Williamsburg;# # #;"1020032754090725376";https://twitter.com/JonnyEpcat/status/1020032754090725376
ShultzAndThe_IC;2018-07-19 19:12;0;1;"Hey # Youngstown # Friday night we will be at @ SuziesDogsDraft # downtown Join us, we have friends coming up with us. it’s gonna be a really fun night, # beer # drink # drank # drunk # drinkupyoungstown # funk # rock # blues # rnb # slapadabass @ DrinkUpYtown # dogs # burgers # supportlocalpic.twitter.com/bGWHpzg8zH";;@ @;# # # # # # # # # # # # # # # #;"1020023612567441408";https://twitter.com/ShultzAndThe_IC/status/1020023612567441408
NicoleShlomov;2018-07-19 17:20;0;4;"Don’t mind if I do! # NationalDaiquiriDay # pourup # drank # ThirstyThursdayhttps://twitter.com/the_foodie_feed/status/1019868328565854208 …";;;# # # #;"1019995449141415937";https://twitter.com/NicoleShlomov/status/1019995449141415937
BackwoodsLife;2018-07-19 16:02;5;66;"Made it! # backwoodslife # drank # hose # survived # madeitpic.twitter.com/JvRs2Agn4J";;;# # # # #;"1019975866649071616";https://twitter.com/BackwoodsLife/status/1019975866649071616
JuliusSilvert;2018-07-19 12:27;0;3;"Happy # NationalDaiquiriDay! We have everything you need to make that perfect # daiquiri. Including the # freshest # strawberries and # purees by @ vergersBoiron • • # foodie # drinks # fooddistributor # foodporn # alcohol # booze # drinking # nyceats # HiHoSilvertOnTheWay # drink # drank # barpic.twitter.com/ms5lgv5RtX";;@;# # # # # # # # # # # # # # # # #;"1019921686064443392";https://twitter.com/JuliusSilvert/status/1019921686064443392
LegottiWorks;2018-07-19 10:03;0;0;"@ Marisha_Ray I think you have a new table drink Marisha. https://goo.gl/images/BRW5rP # CriticalRole # drank # T'esBeau";;@;# # #;"1019885342021758976";https://twitter.com/LegottiWorks/status/1019885342021758976
yngalcoholics;2018-07-19 07:05;0;0;"Follow @ yngalcoholics for more . Because it’s summer # summer # drank # alcoholics . via @ marikahlo . .pic.twitter.com/WRuFnJMOTN";;@ @;# # #;"1019840637158297601";https://twitter.com/yngalcoholics/status/1019840637158297601
forestthethird;2018-07-19 06:43;0;0;"Check this drunk out https://youtu.be/bXzn0O63VRc # youtube # FAIL # drunk # alcohol # alcoholism # alcoholic # faded # lit # Liver # failure # old # white # guy # funny # af # funnyasfuck # braincells # dont # exist # stupid # dumb # notsmart # drink # another # one # drank # black # out # gone";;;# # # # # # # # # # # # # # # # # # # # # # # # # # # # #;"1019835163574861824";https://twitter.com/forestthethird/status/1019835163574861824
KawaiiMJ;2018-07-19 05:29;0;0;"# Drank in my cup, man hold up. # cheflife # Kulture # Htown # houston # hometownglory # screwstontx # choppedandscrewed # coffeeaddict # coffeefiend # coldbrew https://www.instagram.com/p/BlZsrvcjk5K/?utm_source=ig_twitter_share&igshid=1wf39i2g1d9xg …";;;# # # # # # # # # # #;"1019816448934330369";https://twitter.com/KawaiiMJ/status/1019816448934330369
haitianking78;2018-07-19 01:36;0;0;"If you put ya mind to it then it’s yours. #craving#hoodshit # incrediblehulk # jesusjuice # drank https://www.instagram.com/p/BlZR_FxlI2u/?utm_source=ig_twitter_share&igshid=1j2y8m6hu2jtd …";;;#craving #hoodshit # # #;"1019757817878798336";https://twitter.com/haitianking78/status/1019757817878798336
KaylaLopac;2018-07-19 01:28;0;0;"# Drank # Music # Party #Other#Liveme SAVAGE&PETTYAFhttps://www.liveme.com/share/index_live.php?title=%23Drank+%23Music+%23Party+%23Other&pic=http://live.store.cmcm.com/big/liveme/cover-a22cd636cd186aec6ca804e84e1324ed_icon.jpeg&url=http%3A%2F%2Fwww.liveme.com%2Fmedia%2Fliveshort%2Fdist%2F%3Fvideoid%3D15319621872946593148%26area%3DA_US%26countryCode%3DUS%26topDown%3D1%26live%3D1&kid=2 …";;;# # # #Other #Liveme;"1019755895817953282";https://twitter.com/KaylaLopac/status/1019755895817953282
Komickarl;2018-07-18 23:45;0;0;"# sdcc # drank # ready for # preview night https://www.instagram.com/p/BlZFYVeHu7a/?utm_source=ig_twitter_share&igshid=1shznx4qanslp …";;;# # # #;"1019730025711534080";https://twitter.com/Komickarl/status/1019730025711534080
_tysmith13;2018-07-18 20:01;0;1;"On a huge @ kendricklamar kick lately!! All I wanna jam to. # SwimmingPools # Drank";;@;# #;"1019673508916363265";https://twitter.com/_tysmith13/status/1019673508916363265
dropsquad52;2018-07-18 18:34;0;0;"# Popovich # BEENWOKE NO WAY # Spurs trade with @ Lakers. # Pop on that # Drank pic.twitter.com/LydKu5fml2";;@;# # # # #;"1019651728516366336";https://twitter.com/dropsquad52/status/1019651728516366336
FlirtyWardrobe;2018-07-18 18:02;0;0;"This is 100% me !! Actually I might have # Drank a bit of it as well ### # Food over # Money # Clothing # footwear # sneakers # Fashion # shoes # moneyproblems # foodie # me # savings # insta… https://www.instagram.com/p/BlYeCb2n9vm/?utm_source=ig_twitter_share&igshid=tmj22mr6xasy …";;;# # # # # # # # # # # # # # # #;"1019643540450742277";https://twitter.com/FlirtyWardrobe/status/1019643540450742277
FlirtyWardrobe;2018-07-18 18:01;0;0;"This is 100% me !! Actually I might have # Drank a bit of it as well ### # Food over # Money # Clothing # footwear # sneakers # Fashion # shoes # moneyproblems # foodie # me # savings # insta… https://www.instagram.com/p/BlYd6RanRLf/?utm_source=ig_twitter_share&igshid=1pvwnelepqf31 …";;;# # # # # # # # # # # # # # # #;"1019643222337998848";https://twitter.com/FlirtyWardrobe/status/1019643222337998848
FunkoGot;2018-07-18 16:51;0;1;"The boys know how to par-tay Now watch them Whip and watch them Nay-Nae on my Team Funko YouTubeb Channel - # elay # elaytv # elayunderstood # funko # funkopop # geek # drank pic.twitter.com/fjsXiuiBxD";;;# # # # # # #;"1019625828756393985";https://twitter.com/FunkoGot/status/1019625828756393985
nobunagamusic;2018-07-18 09:35;0;1;"I MA STRNG STYL # strongzero #9 # alcohol # drink # drank pic.twitter.com/n6JmqKpmqN";;;# #9 # # #;"1019515935365853185";https://twitter.com/nobunagamusic/status/1019515935365853185
hernamesamy;2018-07-18 00:56;0;0;"Can't decide if I like alcoholic root beer or not But I will drink it until I do decide • • • # pour # drank # rootbeer # alcohol # itssummerbaby # WorldEmojiDay # decisions";;;# # # # # # #;"1019385302371176448";https://twitter.com/hernamesamy/status/1019385302371176448
EntSwerv;2018-07-18 00:15;0;0;"Decisions # lit # highgravity # tooturnt # turntup # turnup # 40oz # rockstar # trappin # trapmusic # letsgitit # drank # maltliquor # rappers # rap # rapmusic # getlit # decisions https://www.instagram.com/p/BlWkAE3nmEz/?utm_source=ig_twitter_share&igshid=zn0c9gptoedp …";;;# # # # # # # # # # # # # # # # #;"1019375146203639808";https://twitter.com/EntSwerv/status/1019375146203639808
meffridus;2018-07-17 23:00;0;4;"They’re great for on the books con games. DM flattens party in the first encounter. “Dang. Y’all’re really terrible at RPGs.” DM grabs his gear & a # drank & heads for open gaming. Immediately attempts to defeat @ hobbsindeed’s dungeon. # WinningSecrets # SecretsOfPros # WinAtRPGspic.twitter.com/fvD9nPJ4vF";;@;# # # #;"1019356227036504064";https://twitter.com/meffridus/status/1019356227036504064
DavidTyrrellF1;2018-07-17 20:19;0;1;"Cheers guys for an awesome stag Same again this weekend yeah? ° ° ° # nottingham # stag # drinking # drank # smotheror https://www.instagram.com/p/BlWI82Gnhgi/?utm_source=ig_twitter_share&igshid=zfjugrsbj572 …";;;# # # # #;"1019315666434871297";https://twitter.com/DavidTyrrellF1/status/1019315666434871297
aressa_music;2018-07-17 18:39;0;3;"Always a great time hanging out with my uncles, some real recognize real type of shit right here # familia # living # party # goinhard # shots # drank # sippycup @Paramount, California https://www.instagram.com/p/BlV9jFuDURZ/?utm_source=ig_twitter_share&igshid=rbpwdbq544cx …";;@Paramount;# # # # # # #;"1019290588850499584";https://twitter.com/aressa_music/status/1019290588850499584
DazedPuckBunny;2018-07-17 15:52;0;0;".If that were me in that situation id prolly just crack open a fresh bottle of bulleit and start chugging it, cos bourbon-me > random dark web sociopaths # drank # bourbonpic.twitter.com/AgmGzcq6E3";;;# #;"1019248602227462144";https://twitter.com/DazedPuckBunny/status/1019248602227462144
Feaddy;2018-07-17 08:17;0;1;"All of the feelings... # throeback # mondaymotivation # manicmonday # allthefeels # drink # drank # drunk @Los Angeles, California https://www.instagram.com/p/BlU2WJvALW0/?utm_source=ig_twitter_share&igshid=1rox3c2w9ztyk …";;@Los;# # # # # # #;"1019134008809152512";https://twitter.com/Feaddy/status/1019134008809152512
Pixillized;2018-07-17 01:28;0;0;"Lol boba haul hahah going up a little north is so delicious Yum. Yes travel for all the boba! # boba # drink # drank # drunk # bobawasted # ig # sunnyvale # ca # happiness # love… https://www.instagram.com/p/BlUHeaRgrLz/?utm_source=ig_twitter_share&igshid=1iylnzm6ct64l …";;;# # # # # # # # # #;"1019030947902046208";https://twitter.com/Pixillized/status/1019030947902046208
_Maintaine;2018-07-17 00:50;0;0;"Live life on the farm to raise my # ESTATE , stay away from the # FAKE , and # VENT thru my favorite # DRANK -{} # saycheesedigital # worldstar # southernized https://www.instagram.com/p/BlUCuV9nW7m/?utm_source=ig_twitter_share&igshid=1agnblep8prmv …";;;# # # # # # #;"1019021586974871552";https://twitter.com/_Maintaine/status/1019021586974871552
A66y_Su;2018-07-16 16:58;0;0;"# idk how many # shots I # drank # lastnight @ daveandbusters ... but the only thing I'm # liking about this # hangover # rn, is that my # hair # makeup was still # aight for a # picture… https://www.instagram.com/p/BlTNJWOHXC1/?utm_source=ig_twitter_share&igshid=1ifewsmlmolft …";;@;# # # # # # # # # # #;"1018902676938125313";https://twitter.com/A66y_Su/status/1018902676938125313
LordHaze73rd;2018-07-16 13:05;0;1;"Listen to GROWN SHIT - Lord Haze 73rd (kush mix) by Lord Haze 73rd # np on # SoundCloud # BET # MTV # LordHaze73rd # Grown # relationships # love # lust # sex # newmusic # BillboardsTop100 # lit # kush # smoke # drank # lady # SoundCloud # California # Miami # NewYorkhttps://soundcloud.com/madison-haze-cash-colon/grown-shit-lord-haze-73rd-kush-mix …";;;# # # # # # # # # # # # # # # # # # # # #;"1018844055277481984";https://twitter.com/LordHaze73rd/status/1018844055277481984
Saj1andonly;2018-07-16 12:18;0;0;"Meal three eaten. # chicken # salad with # cheese # salad # dressing # sauce. # three # glasses of # water # drank # so # far";;;# # # # # # # # # # # #;"1018832360467582977";https://twitter.com/Saj1andonly/status/1018832360467582977
MALIANTELOU;2018-07-16 06:36;0;0;"For my boy @ KingJames welcome to the purple team # purple # lakers # yellow # drank # skurtt # ringspic.twitter.com/Tj6BZN9dfG";;@;# # # # # #;"1018746206493794304";https://twitter.com/MALIANTELOU/status/1018746206493794304
GarretMFunk;2018-07-16 05:45;0;17;"We party all year long to mentally and physically train our livers to make it through gooding fair week..... # partyon # idaho # beer # drink # drank # drunk";;;# # # # # #;"1018733336024399873";https://twitter.com/GarretMFunk/status/1018733336024399873
LordHaze73rd;2018-07-16 01:35;0;1;"Party music... Listen to Drank In My Hand - Lord Haze 73rd by Lord Haze 73rd # np on # SoundCloud # LordHaze73rd # BET # MTV # BillboardsTop100 # NewMusic # rap # hiphop # music # drank # drunk # party # alcohol # buzzed # twerk # club # sexy # pussy # California # Miamihttps://soundcloud.com/madison-haze-cash-colon/drank-in-my-hand-m-haze …";;;# # # # # # # # # # # # # # # # # # # # #;"1018670354435330049";https://twitter.com/LordHaze73rd/status/1018670354435330049
CLworldtraveler;2018-07-16 00:52;0;0;"We like, we like to party! cancunsue # partytimeexcellent # drank # champagnecampaign # holloewbrook # slotoloew # nyc # newyorkcity # momandme # sarahandbrad # photobooth # partymonsters # fun… https://www.instagram.com/p/BlRenSlBxjs/?utm_source=ig_twitter_share&igshid=9igbdpudp4ob …";;;# # # # # # # # # # # #;"1018659617189089280";https://twitter.com/CLworldtraveler/status/1018659617189089280
dady_le;2018-07-16 00:26;0;0;"Inda hell if u could see my eyes can see u the Red light and green light red like blood green like peace # purpledrink # purplelean # drank https://www.instagram.com/p/BlRbsK_hUAM/?utm_source=ig_twitter_share&igshid=q45vi2pmi1v0 …";;;# # #;"1018653182896074753";https://twitter.com/dady_le/status/1018653182896074753
SavageHunnids;2018-07-15 22:16;0;0;"Love you too momma mommatlovealways # StoneDiego # themvmnt # lit # sandiego # california # cannabis # drunk # sunday # sundayfunday #420 # alcoholic # faded # workhighworkhard # smoke # drank @… https://www.instagram.com/p/BlRMvrChZ6N/?utm_source=ig_twitter_share&igshid=7dsk3as8okzp …";;@;# # # # # # # # # #420 # # # # #;"1018620326543052801";https://twitter.com/SavageHunnids/status/1018620326543052801
LaFleursWinery;2018-07-15 22:00;0;1;"Happy National # IceCream Day # SanMarcosCA # LaFleursWinery # UrbanWinery # Wine # Vino # Vinho # WineOclock # JustWine # LoveWine # Wino # HappyHour # Instawine # WhiteWine # RedWine # WineTime # WinePorn # WineSnob # WineDown # DrinkUp # WineNot # Drank # Drunk # Hipster # Drinks # SanDiego # SDpic.twitter.com/kfIo3lOBFg";;;# # # # # # # # # # # # # # # # # # # # # # # # # # #;"1018616199964438533";https://twitter.com/LaFleursWinery/status/1018616199964438533
dropsquad52;2018-07-15 21:24;2;2;"# TheRootShutdownParty @ handymayhem did you & @ VibeHi bring that # Drank ? What Up # UncleHotep # BEENWOKEpic.twitter.com/B3zHTv5qeR";;@ @;# # # #;"1018607153517432832";https://twitter.com/dropsquad52/status/1018607153517432832
volatilitysmile;2018-07-15 21:10;0;1;"you know I did not watch… but with the Frenchies now to “help them remember”… # drank";;;#;"1018603709524213761";https://twitter.com/volatilitysmile/status/1018603709524213761
Jenessica1029;2018-07-15 20:07;0;0;"Big Sexy Brewing Co n Pink Drank # pink # drank # mojogreen # mojo # green # bigsexybrewingco @ bigsexybrewing https://www.instagram.com/p/BlQ-AeklEBT/?utm_source=ig_twitter_share&igshid=a6t22wahg6pk …";;@;# # # # # #;"1018587912181633025";https://twitter.com/Jenessica1029/status/1018587912181633025
harleycampos;2018-07-15 19:19;0;0;"• • • • # nola # neworleans #2018 # drank # pride # bourbonstreet # frenchquarter @Bourbon Street, French District https://www.instagram.com/p/BlQ4h6InlkX/?utm_source=ig_twitter_share&igshid=xv2seod7w79d …";;@Bourbon;# # #2018 # # # #;"1018575862323609602";https://twitter.com/harleycampos/status/1018575862323609602
metrosips;2018-07-15 19:06;1;1;"Watermelon basil cooler. Link in bio. # metrosips # summer # drank # recipe # blog https://www.instagram.com/p/BlQ29UXjByNtNfVaMGKfKHU1aTCHvVyTCyWFrc0/?utm_source=ig_twitter_share&igshid=sm55uamclg8w …";;;# # # # #;"1018572406284279808";https://twitter.com/metrosips/status/1018572406284279808
StrictlyFlames;2018-07-15 18:02;1;1;"Listen to # DRANK PT.1 # FREESTYLE / prod. # skilx100 by ⁦ @ 1JaywopSantana⁩ # np on # SoundCloud # StrictlyFlameshttps://soundcloud.com/user-807655461/drank-pt1-freestyle …";;@;# # # # # #;"1018556302933577728";https://twitter.com/StrictlyFlames/status/1018556302933577728
Big_D718;2018-07-15 16:06;0;0;"Lol fuck it # broke # brokeaf # bankaccount # drink # drank # drunk # drinkdrankdrunk # drinking # drinks # nightout # weekend # weekends # debitcard https://www.instagram.com/p/BlQiXRzDsrp/?utm_source=ig_twitter_share&igshid=1kzbs1n15oalx …";;;# # # # # # # # # # # # #;"1018527132199325696";https://twitter.com/Big_D718/status/1018527132199325696
Big_D718;2018-07-15 16:05;0;0;"Exactly # broke # brokeaf # bankaccount # drink # drank # drunk # drinkdrankdrunk # drinking # drinks # nightout # weekend # weekends # debitcard https://www.instagram.com/p/BlQiSpbD_Uk/?utm_source=ig_twitter_share&igshid=5efi9ohtfycw …";;;# # # # # # # # # # # # #;"1018526960677478401";https://twitter.com/Big_D718/status/1018526960677478401
outl4wcountry;2018-07-15 04:55;0;0;"homies from DAY 1 - djspence711 there’s a Red Bull slushie with your name on it... come back to SD dude # PBShoreClub # RedBull # drank # sandiego # hawaii # kailuaboys @Pacific Beach Shore Club https://www.instagram.com/p/BlPVojEhjlv/?utm_source=ig_twitter_share&igshid=1i2akuy54p27y …";;@Pacific;# # # # # #;"1018358399732473856";https://twitter.com/outl4wcountry/status/1018358399732473856
djprenup;2018-07-15 03:24;0;1;"I’m spinning the tunes inside @ pbrrockbar some let’s stay dry, drink, and dance. See y’all there!!! # wewantprenup # blueprintsoundlv # pbrrockbar # bullride # jameson # drank https://www.instagram.com/p/BlPLLKnFhxU/?utm_source=ig_twitter_share&igshid=1xpdzhbauq9cc …";;@;# # # # # #;"1018335387570393088";https://twitter.com/djprenup/status/1018335387570393088
thomascrown03;2018-07-15 00:14;0;0;"Prosecco - the fallback. Good to finally get some rest, wishing it was a three day weekend! Love my folks in DC; truly missed. # prosecco # dc # cookout # cook # drank # thankful https://www.instagram.com/p/BlO1TlxgLCf/?utm_source=ig_twitter_share&igshid=ysw33ah8vu8z …";;;# # # # # #;"1018287659654017024";https://twitter.com/thomascrown03/status/1018287659654017024
RecoPayne;2018-07-14 23:13;0;0;"At this DownEast Music Festival in Rocky Mount NC chillin! Lol they still use chillin right? # downeastmusicfestival # turntup # drunk # drank # drinks # sexymofo @Rocky Mount Sports Complex https://www.instagram.com/p/BlOufWSnUTh/?utm_source=ig_twitter_share&igshid=1juax3a1kh33w …";;@Rocky;# # # # # #;"1018272305829605376";https://twitter.com/RecoPayne/status/1018272305829605376
neenrab;2018-07-14 22:41;0;0;"Whitecaps with my Lish! # Whitecaps # Tigers # Drank # Sportsing # SportsTeam @West Michigan Whitecaps https://www.instagram.com/p/BlOq1T5gcOWiNgfOUt26wIscnaM8q5K_G3WPv40/?utm_source=ig_twitter_share&igshid=s2vvqu812v6v …";;@West;# # # # #;"1018264271178878976";https://twitter.com/neenrab/status/1018264271178878976
SupaGoon;2018-07-14 21:42;0;0;"# SpeakOnTheReal # MaskOff # SoDumb # Drank # Pressure Go check out the music more coming https://www.youtube.com/channel/UCYUN3tGzoO_eOi9HRUG6A3w …https://www.youtube.com/channel/UCYUN3tGzoO_eOi9HRUG6A3w …";;;# # # # #;"1018249447535529986";https://twitter.com/SupaGoon/status/1018249447535529986
LaFleursWinery;2018-07-14 20:00;0;2;"# HappyPride @ SanDiegoPride # LaFleursWinery # NorthCountySD # SDPRIDE # Hillcrest # BalboaPark # LGBTQ # LoveIsLove # Pride2018 # Pride # SanMarcosCA # LaFleursWinery # UrbanWinery #Wine#ItsFiveOclockSomehwere # WinePorn # WineSnob # DrinkUp # Drank # Drunk # Hipster # Drinks # SanDiego # SDpic.twitter.com/jqTwWhLrF3";;@;# # # # # # # # # # # # # #Wine #ItsFiveOclockSomehwere # # # # # # # # #;"1018223614750019585";https://twitter.com/LaFleursWinery/status/1018223614750019585
birdman_johns;2018-07-14 18:34;0;0;"Blessed to see 47 years. Pray that I can see at least 47 more! # happybirthdaytome # partytime # food # drank # family https://www.instagram.com/p/BlOOkVUAn5R/?utm_source=ig_twitter_share&igshid=2usjsp9q5ikc …";;;# # # # #;"1018202117725663232";https://twitter.com/birdman_johns/status/1018202117725663232
JayGon15;2018-07-14 17:19;0;0;"# thiswassogangsta # heflew # tothefountain And # drank # water @Staten Island, New York https://www.instagram.com/p/BlOFPoPHw1T/?utm_source=ig_twitter_share&igshid=2sjx4gg8inke …";;@Staten;# # # # #;"1018183143692611590";https://twitter.com/JayGon15/status/1018183143692611590
ate3one;2018-07-14 15:46;0;0;"Here’s a map to the stars... come or to Sky Park and get your # drank on and eat # pokenachos # chickonastick # naughtyfries # phillies and more!!!! @Scotts Valley Skypark https://www.instagram.com/p/BlN7TzrBYxs/?utm_source=ig_twitter_share&igshid=r0mx0dn1ueb0 …";;@Scotts;# # # # #;"1018159767137718272";https://twitter.com/ate3one/status/1018159767137718272
madderdave24;2018-07-14 10:56;0;1;"Lemme get sum fam. # drank";;;#;"1018086796712906752";https://twitter.com/madderdave24/status/1018086796712906752
hqreno;2018-07-14 06:58;0;0;"Not sure what's happening here, but boy do they look like they are having a good time. # reno # photo # silly # drink # drank # drunk # renotahoe # renoisradpic.twitter.com/yVuZLtSkfZ";;;# # # # # # # #;"1018026823014330368";https://twitter.com/hqreno/status/1018026823014330368
BikiniViking;2018-07-14 06:00;0;1;"Did that beauty of a brunch thing that # yyj is so well-known for. Long wait, but the coffee was delicious! # coffee # coffeedrinking # brunch # friyay # drank # boozycoffee @The Blue Fox Cafe https://www.instagram.com/p/BlM4R07jpKR/?utm_source=ig_twitter_share&igshid=rx6iugg00szr …";;@The;# # # # # # #;"1018012360576028672";https://twitter.com/BikiniViking/status/1018012360576028672
SeleCuzz;2018-07-14 05:11;0;0;"Tried to take advantage of my first class & be bougie and ask for a # DRANK, I feel like the flight attendant put a shot of coke and filled the rest with jack # CheersMyDude";;;# #;"1017999986313740288";https://twitter.com/SeleCuzz/status/1017999986313740288
Jmee73;2018-07-14 03:20;0;0;"TGIF @ dempseyslbc # drank @Dempseys https://www.instagram.com/p/BlMl7OBgtAdTRdn_OlxQmN98Ro7vN34O81rGLU0/?utm_source=ig_twitter_share&igshid=3dbxvgstjjg4 …";;@ @Dempseys;#;"1017972131211239425";https://twitter.com/Jmee73/status/1017972131211239425
foodmusiclife;2018-07-14 00:40;1;0;"Happy 713 day htown! We are celebrating Friday the 13th @ feelinonyobooty the party goes till midnight come on over! # fridaythe13th # freakyfriday # htown # screwston # drank # party # 713day @… https://www.instagram.com/p/BlMTm_cni4I/?utm_source=ig_twitter_share&igshid=fsk35uv73z2i …";;@ @;# # # # # # #;"1017931719670784000";https://twitter.com/foodmusiclife/status/1017931719670784000
cjsays_itsok;2018-07-14 00:26;0;1;"Mountain top in Batman socks! # batman # socks # nature # life # drink # drank # drunk # chipmunks # happy # righthererightnow @Pennsylvania https://www.instagram.com/p/BlMSD_-lmxn/?utm_source=ig_twitter_share&igshid=1tjdf74vg1sbv …";;@Pennsylvania;# # # # # # # # # #;"1017928322645278722";https://twitter.com/cjsays_itsok/status/1017928322645278722
UMCProductions;2018-07-13 23:22;0;3;"Friday wit my bro # donjulio # reposado # drank # friday # umc # turnup https://www.instagram.com/p/BlMKquGjX3D/?utm_source=ig_twitter_share&igshid=1o3q14djng542 …";;;# # # # # #;"1017912064973524992";https://twitter.com/UMCProductions/status/1017912064973524992
Big_D718;2018-07-13 16:45;0;0;"# happyfriday y’all # Friday # fridays # TGIF # weekend # weekends # work # job # daydrinking # drinking # drinkdrankdrunk # drink # drank # drunk # charliebrown https://www.instagram.com/p/BlLdQtTDCOq/?utm_source=ig_twitter_share&igshid=1mazm4o338txn …";;;# # # # # # # # # # # # # # #;"1017812215532081152";https://twitter.com/Big_D718/status/1017812215532081152
TheYellowCity;2018-07-13 16:38;0;1;"Happy Friday the 13th! We'll have Clown Shoes Baked Goods (pale ale) & Clown Shoes Clementine (white ale) for $3 all day today! # colddraftbeer # craftbeer # ycsfcraft # yellowcitystreetfood # theyellowcity # fridaythe13th # celebratefriday # drank # amarillo # clownshoesbrewingpic.twitter.com/3m0oLbA9vS";;;# # # # # # # # # #;"1017810483007688704";https://twitter.com/TheYellowCity/status/1017810483007688704
Big_D718;2018-07-13 16:36;1;0;"Lmaooo # happyfriday y’all # Friday # fridays # TGIF # weekend # weekends # work # job # bingedrinking # drinking # drinkdrankdrunk # drink # drank # drunk # charliebrown https://www.instagram.com/p/BlLcEfujWk_/?utm_source=ig_twitter_share&igshid=tg260yq4h8yj …";;;# # # # # # # # # # # # # # #;"1017809974691426306";https://twitter.com/Big_D718/status/1017809974691426306
JuniorDaKid;2018-07-13 12:26;0;0;"Pitcher this # drank # lush @SandTown Pub https://www.instagram.com/p/BlK_ptvlSuGt73-j6mT_ApKN7Vfkf3gjpbI1Pg0/?utm_source=ig_twitter_share&igshid=gahm0nrs4rz7 …";;@SandTown;# #;"1017747103467098114";https://twitter.com/JuniorDaKid/status/1017747103467098114
DazedPuckBunny;2018-07-13 04:32;0;1;"Dranks with @ darksaiyajin_26 # gurl # drank # Yassspic.twitter.com/ljRJXvoFky";;@;# # #;"1017627812231106560";https://twitter.com/DazedPuckBunny/status/1017627812231106560
Timpranillo;2018-07-13 02:44;0;0;"Collins riff. @ aviationgin Gin, Homemade Berry Shrub, Lemon. # gin # drink # drank # dranks # drinks # drinkporn # drinksporn # drinkstagram # cocktail # cocktails # cocktailporn # mixology… https://www.instagram.com/p/BlJ8_MuAVRr/?utm_source=ig_twitter_share&igshid=l9afq1ms9gxc …";;@;# # # # # # # # # # # #;"1017600511984488448";https://twitter.com/Timpranillo/status/1017600511984488448
final_rant;2018-07-13 00:39;0;0;"These drinks are potent! # drank # islandsizxler # happyhourhouston http://bit.ly/2mambVI pic.twitter.com/gUlSGAfjiM";;;# # #;"1017569235122425856";https://twitter.com/final_rant/status/1017569235122425856
KevinADiaz1;2018-07-13 00:34;0;1;"I’m wearing this shirt to my job meeting tonight, hopefully I get sent home for it so I can go to bed early # drank # htineeepic.twitter.com/3eetTwMsOV";;;# #;"1017567842558988289";https://twitter.com/KevinADiaz1/status/1017567842558988289
brahmaniac;2018-07-13 00:03;0;0;"Autocorrect is never there when you need it the most # Drank";;;#;"1017560201380159489";https://twitter.com/brahmaniac/status/1017560201380159489
MaryFrancys85;2018-07-12 22:00;0;0;"Drink baby... # aperitivo # nightout # drink # drunk # drank # friends # verona # cevitafuoridalladigeo https://www.instagram.com/p/BlJcgo1H0Ca/?utm_source=ig_twitter_share&igshid=pcpt06ep4vct …";;;# # # # # # # #;"1017529091136860160";https://twitter.com/MaryFrancys85/status/1017529091136860160
2StepsHigher;2018-07-12 21:25;0;0;"All relation drinks on sale # swerve # legallean # purp # drank # doublecup # pint # sleep # relax # shoponline # 2stepshigher # 2stepshigheronline https://www.instagram.com/p/BlJYfGmnTJM/?utm_source=ig_twitter_share&igshid=vjatqgitbhaj …";;;# # # # # # # # # # #;"1017520233026899968";https://twitter.com/2StepsHigher/status/1017520233026899968
bolatalabi;2018-07-12 19:39;0;0;"The # louts # drank the # pub # dry. I asked for # Schweppes # lemonade today and for the first time in 15 years... They were out of # stock. What a # useless # country of # belligerent # alcoholics we live in the # UK today";;;# # # # # # # # # # # #;"1017493576522092544";https://twitter.com/bolatalabi/status/1017493576522092544
nateynate82;2018-07-12 19:15;0;0;"This bitch mackenziemary_12 # blonde # barbie # gbff # instafun # instagay # drank # haha # love https://www.instagram.com/p/BlJJtZ_heVc/?utm_source=ig_twitter_share&igshid=tc8kuvtxt8ej …";;;# # # # # # # #;"1017487739099500544";https://twitter.com/nateynate82/status/1017487739099500544
bkwellsphotos;2018-07-12 19:15;0;2;"Client meeting on the # capitolhill # seattle # purple # drank # shotoniphone @Seattle, Washington https://www.instagram.com/p/BlJJtHxAImK/?utm_source=ig_twitter_share&igshid=13c8qdnbxwgue …";;@Seattle;# # # # #;"1017487735895003138";https://twitter.com/bkwellsphotos/status/1017487735895003138
Imrileycostello;2018-07-12 19:09;0;0;"# TBT BRINGING THIS LEWK BACK. # BabyRiley # Drank # SippyCup # Overalls # Fashion @Los Angeles, California https://www.instagram.com/p/BlJI7FhlKFp/?utm_source=ig_twitter_share&igshid=l9rdvs46k92f …";;@Los;# # # # # #;"1017486155749740550";https://twitter.com/Imrileycostello/status/1017486155749740550
DaleArmstrong11;2018-07-12 16:17;0;0;"What the hell are england doing on the end? # worldcuphangover # lacrosse # worldcup # lax # drank @Netanya, Israel https://www.instagram.com/p/BlI1PVWFuZU/?utm_source=ig_twitter_share&igshid=1kvnqg1zc71cj …";;@Netanya;# # # # #;"1017442731315089408";https://twitter.com/DaleArmstrong11/status/1017442731315089408
Missluhvlelayne;2018-07-12 14:53;0;0;"Blossiming rose tea latte mmmm makes my day # Starbucks # Drank";;;# #;"1017421637711474690";https://twitter.com/Missluhvlelayne/status/1017421637711474690
DjMartynGreen;2018-07-12 14:11;0;1;"Last weekend on # oeltgendag2018! It was lit! @djdieviedorecords photo’s by @ ebelina204 # weekend # party # feest # fissa # pic # instapic # photo # drank # uitgaan # allround # geit # apresski # dance # party # club... https://www.facebook.com/504681112883800/posts/2096425637042665/ …";;@djdieviedorecords @;# # # # # # # # # # # # # # # #;"1017411083739410432";https://twitter.com/DjMartynGreen/status/1017411083739410432
DjMartynGreen;2018-07-12 14:10;0;0;"Last weekend on # oeltgendag2018! It was lit! djdieviedorecords photo’s by @ cpantazoglou # weekend # party # feest # fissa # pic # instapic # photo # drank # uitgaan # allround # geit # apresski… https://www.instagram.com/p/BlImwtlnMHC/?utm_source=ig_twitter_share&igshid=1imt6o9fzuccu …";;@;# # # # # # # # # # # # #;"1017410900926427137";https://twitter.com/DjMartynGreen/status/1017410900926427137
ChrisStuntBoys;2018-07-12 11:26;0;0;"Yippee cause its almost the weekend !! - - - - - - - - # beer # beers # yippee # ipa # ale # picaroons # fromfrederictonwithlove # freddytown # beertime # ilovebeer # drink # drunk # drank # booze… https://www.instagram.com/p/BlIUBVUnzqd/?utm_source=ig_twitter_share&igshid=zoe2owwnl6tv …";;;# # # # # # # # # # # # # #;"1017369679998980101";https://twitter.com/ChrisStuntBoys/status/1017369679998980101
ShoutLoNow;2018-07-12 05:05;0;0;"https://www.shoutlo.com/events/events-at-kitty-su-chandigarh-july-2018 … The party is still on! Rain or shine! Kitty Su Chandigarh # PartyonMyMind # PartyAnimals # JulyFun # Chandigarh # PartyAllNight # Drink # Drank # Drunk";;;# # # # # # # #;"1017273759416365056";https://twitter.com/ShoutLoNow/status/1017273759416365056
JuniorDaKid;2018-07-12 03:24;0;0;"# drank # lush @Cielo Blue Mexican Grill & Cantina. West connector https://www.instagram.com/p/BlHcyKjlB4z96Qjaqh24qogYogpdnEc0wKJtM80/?utm_source=ig_twitter_share&igshid=mf27dj180el1 …";;@Cielo;# #;"1017248205640208385";https://twitter.com/JuniorDaKid/status/1017248205640208385
RealMikeDearHa;2018-07-12 01:41;0;0;"Pass out... # drank pic.twitter.com/0T40vcG0jQ";;;#;"1017222447588892674";https://twitter.com/RealMikeDearHa/status/1017222447588892674
whitgetitwhit;2018-07-12 00:38;0;0;"The weekend's close enough. · · · # cheers # wnw # drinks # drank # cocktails # booze # pretty # losangeles # bartenders # la # latergram # weekend # wednesday # instagood # yum # graciasmadre… https://www.instagram.com/p/BlHJy03njLn/?utm_source=ig_twitter_share&igshid=1r23ypylwj6g6 …";;;# # # # # # # # # # # # # # # #;"1017206454720311296";https://twitter.com/whitgetitwhit/status/1017206454720311296
VnKloz;2018-07-11 18:47;0;0;"Congratulations! # Bar # 3ty9 # 新宿 # 歌舞伎町 # Congratulations # Neu # NewOpen # drank # 終電逃した # 内装きれい";;;# # # # # # # # # #;"1017118145775931392";https://twitter.com/VnKloz/status/1017118145775931392
Starla0915;2018-07-11 16:55;0;2;"I need a # Drank";;;#;"1017090080975020032";https://twitter.com/Starla0915/status/1017090080975020032
realjackrobbins;2018-07-11 16:43;1;5;"It’s a good source of vitamins and minerals. # yoohoo # drank pic.twitter.com/rtzH5jz71d";;;# #;"1017086991781986304";https://twitter.com/realjackrobbins/status/1017086991781986304
LordHaze73rd;2018-07-11 12:37;0;1;"Party song free download. Listen to Drank In My Hand - Lord Haze 73rd by Lord Haze 73rd # np on # SoundCloud # LordHaze73rd # BET # MTV # BillboardsTop100 # radio # NewMusic # California # lit # drank # vodka # party # beer # drunk # CollegeMayhem # life # funhttps://soundcloud.com/madison-haze-cash-colon/drank-in-my-hand-m-haze …";;;# # # # # # # # # # # # # # # # # #;"1017024985494323200";https://twitter.com/LordHaze73rd/status/1017024985494323200
Taawjih;2018-07-11 09:35;0;1;"Assalam o Alaikum! Allah's Apostle (saww) drank milk, rinsed his mouth and said: "It has fat." (Bukhari, h#211) # asalamualaikum # allah # apostle # saww # drank # Milk # postoftheday # lifequotes # lifestyle # fat # inspiration # sunnah # Repost # blogger # Islam # Food # Hadith # photographypic.twitter.com/HCPw1uPLw7";;;#211 # # # # # # # # # # # # # # # # # #;"1016979300145356801";https://twitter.com/Taawjih/status/1016979300145356801
dotslash;2018-07-11 07:58;0;0;"@ corona I'll still love you in the morning. Even if I'm bleeding ;) # drink # drank # drunk # corona # fastandthecutlippic.twitter.com/qQYz9wzQVB";;@;# # # # #;"1016954824930148352";https://twitter.com/dotslash/status/1016954824930148352