HIT ID;Assignment ID;Worker ID;Date Submitted;Answer;Status;Tweet URL;;;;;;
302OLP89DZGSU1G7O7FYSQGIOKMACF;3JWH6J9I9TMIRZGK9DTARWQO02KNB9;A23WTODPHXZ68Y;6/16/18 5:33 PM;Q1Answern;Approved;"{""tweet_url"":""https://twitter.com/CrashClark/status/976942840134631424""}";;;;;;
302OLP89DZGSU1G7O7FYSQGIOKMACF;3SEPORI8WO87PEPB6N48R8DRSYGZAG;A9WGDBDXUNLOD;6/17/18 2:18 AM;Q1Answern;Approved;"{""tweet_url"":""https://twitter.com/CrashClark/status/976942840134631424""}";;;;;;
302OLP89DZGSU1G7O7FYSQGIOKMACF;3XXU1SWE8N4ANTJL2TRGL9A5AQMA0M;A10BH9PYCYUKDJ;6/15/18 5:42 PM;Q1Answern;Approved;"{""tweet_url"":""https://twitter.com/CrashClark/status/976942840134631424""}";;;;;;
304QEQWKZPTX2DFSMARWYKYM4CT0OB;3LQ8PUHQFM104B8FCPQE8ZX59GRHIZ;ACJK1CSODSI6N;6/16/18 3:03 PM;Q1Answern;Approved;"{""tweet_url"":""https://twitter.com/CreatFeatNews/status/975875717559971841""}";;;;;;
304QEQWKZPTX2DFSMARWYKYM4CT0OB;3QUO65DNQVXF5JP2AJAIBBIHFWNOUV;A35ARURSRU6UAZ;6/16/18 12:31 PM;Q1AnsweryQ2Answern;Approved;"{""tweet_url"":""https://twitter.com/CreatFeatNews/status/975875717559971841""}";;;;;;
304QEQWKZPTX2DFSMARWYKYM4CT0OB;3X4MXAO0BHXVU06NXB6NNU8JBZPWRI;A2PBRI6BOYDN94;6/15/18 6:23 PM;Q1Answern;Approved;"{""tweet_url"":""https://twitter.com/CreatFeatNews/status/975875717559971841""}";;;;;;
30EV7DWJTV44A259UMGB9C6FVPDY6K;340UGXU9DZAAV3YZBVWW63CPBPRVUB;A20NITCOBY4775;6/15/18 6:13 PM;Q1Answern;Approved;"{""tweet_url"":""https://twitter.com/Social_mediasos/status/976395203870384128""}";;;;;;
30EV7DWJTV44A259UMGB9C6FVPDY6K;39LNWE0K4V559XEZCOXDREMV3OTUID;ACJK1CSODSI6N;6/16/18 3:03 PM;Q1Answern;Approved;"{""tweet_url"":""https://twitter.com/Social_mediasos/status/976395203870384128""}";;;;;;
30EV7DWJTV44A259UMGB9C6FVPDY6K;3NOKK93PR2HC4WFRQ5SH2H20P6UEE7;AURYD2FH3FUOQ;6/15/18 5:41 PM;Q1Answern;Approved;"{""tweet_url"":""https://twitter.com/Social_mediasos/status/976395203870384128""}";;;;;;
30UZJB2POHL7BV870IDGRCW2QT8354;3IGI0VL648T2AT5TDIYWXGQN71CONN;A9WGDBDXUNLOD;6/17/18 2:13 AM;Q1Answern;Approved;"{""tweet_url"":""https://twitter.com/FADSLagunaHills/status/975868806890373121""}";;;;;;
30UZJB2POHL7BV870IDGRCW2QT8354;3R0T90IZ1TLVRCR409CACWN9HBYGC1;A23WTODPHXZ68Y;6/16/18 5:18 PM;Q1Answern;Approved;"{""tweet_url"":""https://twitter.com/FADSLagunaHills/status/975868806890373121""}";;;;;;
30UZJB2POHL7BV870IDGRCW2QT8354;3ZPPDN2SLW5V90OAIUCVA31PYB69EO;A2HR7ZIX42FEPG;6/18/18 12:43 PM;Q1Answern;Approved;"{""tweet_url"":""https://twitter.com/FADSLagunaHills/status/975868806890373121""}";;;;;;
31ANT7FQN8BM53F6F32IV6XC9YQ5HD;317HQ483I81SE7UQFNLRDJU1VR9NIL;AZD9Z5B2U40G2;6/16/18 12:49 AM;Q1AnsweryQ2AnsweryQ3Answery;Approved;"{""tweet_url"":""https://twitter.com/Nonrelatedsense/status/976574699860881408""}";;;;;;
31ANT7FQN8BM53F6F32IV6XC9YQ5HD;34S6N1K2ZWS2UCGLXSNR0FPXQJGLHA;A35ARURSRU6UAZ;6/16/18 12:25 PM;Q1AnsweryQ2Answern;Approved;"{""tweet_url"":""https://twitter.com/Nonrelatedsense/status/976574699860881408""}";;;;;;
31ANT7FQN8BM53F6F32IV6XC9YQ5HD;3D3VGR7TA1OY324ZNRVLIXXMD6UR36;A7114FTRGZMK2;6/15/18 6:19 PM;Q1Answern;Approved;"{""tweet_url"":""https://twitter.com/Nonrelatedsense/status/976574699860881408""}";;;;;;
322ZSN9Z5GTUET211S0X4XUMKWPT45;3BWI6RSP7HIRVH0H3XEBW7AJ3J1E7W;A2PBRI6BOYDN94;6/16/18 5:54 AM;Q1Answern;Approved;"{""tweet_url"":""https://twitter.com/meganlyndsey98/status/976247417380200448""}";;;;;;
322ZSN9Z5GTUET211S0X4XUMKWPT45;3E13VNJ1NO4P00N1A0NTGCHYSRT1II;A3CFNUD7VR2E1E;6/16/18 1:41 PM;Q1Answern;Approved;"{""tweet_url"":""https://twitter.com/meganlyndsey98/status/976247417380200448""}";;;;;;
322ZSN9Z5GTUET211S0X4XUMKWPT45;3RKNTXVS3N7RMH1MLUEIXC0IR23A43;A9WGDBDXUNLOD;6/15/18 6:31 PM;Q1Answern;Approved;"{""tweet_url"":""https://twitter.com/meganlyndsey98/status/976247417380200448""}";;;;;;
32XN26MTXZSPWSCV9IB463US97O0LU;32KTQ2V7REOTLOGNZS0ENB6Y7BGM95;A2PBRI6BOYDN94;6/16/18 5:56 AM;Q1AnsweryQ2AnsweryQ3Answers;Approved;"{""tweet_url"":""https://twitter.com/OutlierRap/status/976556302297108483""}";;;;;;
32XN26MTXZSPWSCV9IB463US97O0LU;34S6N1K2ZWS2UCGLXSNR0FPXQJ1HLR;A104V8NZIQFN2F;6/16/18 7:48 AM;Q1AnsweryQ2Answern;Approved;"{""tweet_url"":""https://twitter.com/OutlierRap/status/976556302297108483""}";;;;;;
32XN26MTXZSPWSCV9IB463US97O0LU;3QFUFYSY9ZOMI8IUWA0ABDB9OII4FC;A3AWC4P8QUK1XB;6/15/18 8:01 PM;Q1AnsweryQ2Answern;Approved;"{""tweet_url"":""https://twitter.com/OutlierRap/status/976556302297108483""}";;;;;;
336OE47KI2TL0NPAGT6V071Y1A4VW9;31JLPPHS2V3V6PCJVZEHO2SH2KD3OE;A3CFNUD7VR2E1E;6/16/18 5:52 PM;Q1Answern;Approved;"{""tweet_url"":""https://twitter.com/CyberPoetPress/status/976198082474979328""}";;;;;;
336OE47KI2TL0NPAGT6V071Y1A4VW9;3EQHHY4HQT1ASRIPLZP2YQHZPUCG5T;A23WTODPHXZ68Y;6/16/18 5:16 PM;Q1Answern;Approved;"{""tweet_url"":""https://twitter.com/CyberPoetPress/status/976198082474979328""}";;;;;;
336OE47KI2TL0NPAGT6V071Y1A4VW9;3ZSANO2JCGG5KTK5MBWS9GRF2Y9FSI;A33M7EZ72P8TWF;6/16/18 11:11 AM;Q1Answern;Approved;"{""tweet_url"":""https://twitter.com/CyberPoetPress/status/976198082474979328""}";;;;;;
34R0BODSP18ALTO4P2UCA30ZHIY5EX;35H6S234SB98VYTJ9MGGMZ4AVGA56H;A23WTODPHXZ68Y;6/16/18 5:35 PM;Q1Answern;Approved;"{""tweet_url"":""https://twitter.com/chris_pastent/status/977370478326239232""}";;;;;;
34R0BODSP18ALTO4P2UCA30ZHIY5EX;37XITHEISXIMG20IGK6MB01GJJECRW;A3GNQDFPZALU92;6/16/18 12:46 AM;Q1Answers;Approved;"{""tweet_url"":""https://twitter.com/chris_pastent/status/977370478326239232""}";;;;;;
34R0BODSP18ALTO4P2UCA30ZHIY5EX;3WI0P0II621WLU6WGG1XV6JY4KVDR4;A9WGDBDXUNLOD;6/17/18 2:18 AM;Q1Answern;Approved;"{""tweet_url"":""https://twitter.com/chris_pastent/status/977370478326239232""}";;;;;;
351S7I5UG95MMYG2731P10DDDBTNJP;30MVJZJNHNM3KGA2WVNM7JEH3IAJ9P;A3CFNUD7VR2E1E;6/16/18 4:40 PM;Q1Answern;Approved;"{""tweet_url"":""https://twitter.com/glen_kilcullen/status/979731335886581761""}";;;;;;
351S7I5UG95MMYG2731P10DDDBTNJP;3GFK2QRXXAQ6PD8P04TKKT3NJH0W54;A20NITCOBY4775;6/15/18 6:16 PM;Q1Answern;Approved;"{""tweet_url"":""https://twitter.com/glen_kilcullen/status/979731335886581761""}";;;;;;
351S7I5UG95MMYG2731P10DDDBTNJP;3PQMUDRV7SF006JZI78Z8BYK9SZIIK;A33M7EZ72P8TWF;6/16/18 11:11 AM;Q1Answern;Approved;"{""tweet_url"":""https://twitter.com/glen_kilcullen/status/979731335886581761""}";;;;;;
35A1YQPVFEPM1YQQLLK3VIYR9B55I6;33F859I567MQH3U96FYXMCTSEPAHBR;A9WGDBDXUNLOD;6/15/18 6:29 PM;Q1AnsweryQ2Answern;Approved;"{""tweet_url"":""https://twitter.com/augustoneal/status/976557480976068609""}";;;;;;
35A1YQPVFEPM1YQQLLK3VIYR9B55I6;3EWIJTFFVPGDD60XIYT2HS0WV5R0EE;A3GNQDFPZALU92;6/16/18 12:45 AM;Q1AnsweryQ2Answern;Approved;"{""tweet_url"":""https://twitter.com/augustoneal/status/976557480976068609""}";;;;;;
35A1YQPVFEPM1YQQLLK3VIYR9B55I6;3UWN2HHPUZEH8LXMKZF5HL0O4Q6NSA;A23WTODPHXZ68Y;6/16/18 5:26 PM;Q1AnsweryQ2Answern;Approved;"{""tweet_url"":""https://twitter.com/augustoneal/status/976557480976068609""}";;;;;;
35F6NGNVM8SRXGKK3QY479EWBYFT7P;35L9RVQFCPR5D23F66FSR2LG3AHHU8;A1L5H5KX16J1LS;6/15/18 6:34 PM;Q1Answern;Approved;"{""tweet_url"":""https://twitter.com/d103tm/status/975889045099372545""}";;;;;;
35F6NGNVM8SRXGKK3QY479EWBYFT7P;3ERET4BTVNIYV0GKEGNY8YEUI7C9KG;A23WTODPHXZ68Y;6/16/18 5:29 PM;Q1Answern;Approved;"{""tweet_url"":""https://twitter.com/d103tm/status/975889045099372545""}";;;;;;
35F6NGNVM8SRXGKK3QY479EWBYFT7P;3TVSS0C0E298AFJF10BIN991ZLXWT8;A9WGDBDXUNLOD;6/17/18 2:21 AM;Q1Answern;Approved;"{""tweet_url"":""https://twitter.com/d103tm/status/975889045099372545""}";;;;;;
35NNO802AV5QRNWWPLGPPZYD0W4NID;384PI804XTAENP5FJTD7694BWWN0S2;A35ARURSRU6UAZ;6/16/18 12:29 PM;Q1AnsweryQ2AnsweryQ3Answers;Approved;"{""tweet_url"":""https://twitter.com/angelaanguyennn/status/978763382810488832""}";;;;;;
35NNO802AV5QRNWWPLGPPZYD0W4NID;3K5TEWLKGWK5MC3ZHE7IN0OEHUBIVX;A3GNQDFPZALU92;6/16/18 1:01 AM;Q1AnsweryQ2AnswersQ3Answers;Approved;"{""tweet_url"":""https://twitter.com/angelaanguyennn/status/978763382810488832""}";;;;;;
35NNO802AV5QRNWWPLGPPZYD0W4NID;3R08VXYT7D4LCHM8OX8HIDHJAN9W7X;A104V8NZIQFN2F;6/16/18 7:47 AM;Q1AnsweryQ2Answers;Approved;"{""tweet_url"":""https://twitter.com/angelaanguyennn/status/978763382810488832""}";;;;;;
35O6H0UNLSPIW9AW33537JDRMQU5JI;388U7OUMF8A2MA5244D2GZZFAUAR0B;A20NITCOBY4775;6/15/18 6:22 PM;Q1Answern;Approved;"{""tweet_url"":""https://twitter.com/murphj818gmailc/status/976525150941335552""}";;;;;;
35O6H0UNLSPIW9AW33537JDRMQU5JI;3LYA37P8IRWHJTVHC01UZ49K67FBKS;A23WTODPHXZ68Y;6/16/18 5:23 PM;Q1Answern;Approved;"{""tweet_url"":""https://twitter.com/murphj818gmailc/status/976525150941335552""}";;;;;;
35O6H0UNLSPIW9AW33537JDRMQU5JI;3ZAZR5XV02RVITM9Q10ZX33FS11ZCI;A9WGDBDXUNLOD;6/17/18 2:19 AM;Q1Answern;Approved;"{""tweet_url"":""https://twitter.com/murphj818gmailc/status/976525150941335552""}";;;;;;
371Q3BEXDHI92QDBXLLXOOB9J8ESZR;33SA9F9TRY36LW1IB5MNON90WB1EWR;A23WTODPHXZ68Y;6/16/18 5:31 PM;Q1Answern;Approved;"{""tweet_url"":""https://twitter.com/jackievomits/status/978484650841661440""}";;;;;;
371Q3BEXDHI92QDBXLLXOOB9J8ESZR;36AHBNMV1SL5IVIIUBTR32CV765DYZ;A3GNQDFPZALU92;6/16/18 1:02 AM;Q1AnsweryQ2Answers;Approved;"{""tweet_url"":""https://twitter.com/jackievomits/status/978484650841661440""}";;;;;;
371Q3BEXDHI92QDBXLLXOOB9J8ESZR;3LPW2N6LKUBTX9JK54EJ25IQY20U5G;A9WGDBDXUNLOD;6/17/18 2:14 AM;Q1Answern;Approved;"{""tweet_url"":""https://twitter.com/jackievomits/status/978484650841661440""}";;;;;;
371QPA24C2XDMU5IEAHV6ZNJ8CFT1S;33PPO7FECWOJSV3DQT7OHEI7HNRIDI;A33M7EZ72P8TWF;6/16/18 11:11 AM;Q1Answern;Approved;"{""tweet_url"":""https://twitter.com/allenpaige3/status/977657546868711425""}";;;;;;
371QPA24C2XDMU5IEAHV6ZNJ8CFT1S;3S96KQ6I9ND919JOK56SVLKGS49TDC;A35ARURSRU6UAZ;6/16/18 12:26 PM;Q1Answern;Approved;"{""tweet_url"":""https://twitter.com/allenpaige3/status/977657546868711425""}";;;;;;
371QPA24C2XDMU5IEAHV6ZNJ8CFT1S;3TS1AR6UQRNJ1V0DY8YHEPVJFL7F78;A23WTODPHXZ68Y;6/16/18 5:32 PM;Q1Answern;Approved;"{""tweet_url"":""https://twitter.com/allenpaige3/status/977657546868711425""}";;;;;;
379OL9DBSSNRSL77STJNTMXHLQLY9V;3EA3QWIZ4J4Q9KZACJ73MI0TK9ZTIW;A2PBRI6BOYDN94;6/16/18 5:56 AM;Q1AnsweryQ2AnsweryQ3Answery;Approved;"{""tweet_url"":""https://twitter.com/Mybackpack34/status/976025152042536960""}";;;;;;
379OL9DBSSNRSL77STJNTMXHLQLY9V;3O6CYIULEEANASY4151SS5V3IZSWUN;A3GE7CHWBLELVD;6/16/18 3:48 PM;Q1AnsweryQ2AnsweryQ3Answern;Approved;"{""tweet_url"":""https://twitter.com/Mybackpack34/status/976025152042536960""}";;;;;;
379OL9DBSSNRSL77STJNTMXHLQLY9V;3Z7VU45IPZQBVQCBA4BFG7KOO4XZ1F;ACJK1CSODSI6N;6/16/18 3:02 PM;Q1Answers;Approved;"{""tweet_url"":""https://twitter.com/Mybackpack34/status/976025152042536960""}";;;;;;
37MQ8Z1JQE5GS1M87K48JZP3FKC2Y8;31LVTDXBL8JFJ6UOTXZLEJR3DSLRLK;A2PBRI6BOYDN94;6/15/18 6:23 PM;Q1Answern;Approved;"{""tweet_url"":""https://twitter.com/70thExplorers/status/976494177793069056""}";;;;;;
37MQ8Z1JQE5GS1M87K48JZP3FKC2Y8;3R6BYFZZP8LDGA64GL2F8O87HDDXFA;A2F0X4LN9N4O4C;6/16/18 12:41 PM;Q1Answern;Approved;"{""tweet_url"":""https://twitter.com/70thExplorers/status/976494177793069056""}";;;;;;
37MQ8Z1JQE5GS1M87K48JZP3FKC2Y8;3Z4GS9HPNWJ6M2L7GP05QXI2HWN77T;A9WGDBDXUNLOD;6/15/18 6:29 PM;Q1Answern;Approved;"{""tweet_url"":""https://twitter.com/70thExplorers/status/976494177793069056""}";;;;;;
37OPIVELUUCJB9RNAZTZ3HDY1CRAHO;31JLPPHS2V3V6PCJVZEHO2SH2KM3ON;A9WGDBDXUNLOD;6/17/18 2:15 AM;Q1AnsweryQ2AnsweryQ3Answery;Approved;"{""tweet_url"":""https://twitter.com/7275579921/status/975923895311183872""}";;;;;;
37OPIVELUUCJB9RNAZTZ3HDY1CRAHO;358UUM7WR0CG4L5MP3YBVE92I8UR7P;A104V8NZIQFN2F;6/16/18 7:46 AM;Q1AnsweryQ2AnsweryQ3Answery;Approved;"{""tweet_url"":""https://twitter.com/7275579921/status/975923895311183872""}";;;;;;
37OPIVELUUCJB9RNAZTZ3HDY1CRAHO;3NPFYT4IZDDJUA2ZR58XQ98JITMGX3;A23WTODPHXZ68Y;6/16/18 5:28 PM;Q1AnsweryQ2AnsweryQ3Answery;Approved;"{""tweet_url"":""https://twitter.com/7275579921/status/975923895311183872""}";;;;;;
37Y5RYYI0PEKXVDWW3XCR3VYB8GSXU;30H4UDGLT3REDBWUGHWB916DCGZMP3;ATHS9GUME1XCA;6/17/18 3:41 AM;Q1AnsweryQ2Answern;Approved;"{""tweet_url"":""https://twitter.com/quenchthings/status/979634258556878848""}";;;;;;
37Y5RYYI0PEKXVDWW3XCR3VYB8GSXU;30ZX6P7VF94SKWP3BM87XW63XC2J2Z;A23WTODPHXZ68Y;6/16/18 5:24 PM;Q1AnsweryQ2Answern;Approved;"{""tweet_url"":""https://twitter.com/quenchthings/status/979634258556878848""}";;;;;;
37Y5RYYI0PEKXVDWW3XCR3VYB8GSXU;3WQ3B2KGE9PFDS9V4QVCUPDLX1PB1Z;A9WGDBDXUNLOD;6/17/18 2:19 AM;Q1AnsweryQ2Answern;Approved;"{""tweet_url"":""https://twitter.com/quenchthings/status/979634258556878848""}";;;;;;
37ZQELHEQ07CN6MNA0EHHS5UH5ONMT;3OLQQLKKNTYKFC1J4638ZXFSUF2EJ6;ATHS9GUME1XCA;6/17/18 3:41 AM;Q1AnsweryQ2Answern;Approved;"{""tweet_url"":""https://twitter.com/edwardsoohoo11/status/976601301932011520""}";;;;;;
37ZQELHEQ07CN6MNA0EHHS5UH5ONMT;3RGU30DZTBHIR0TWL4RRC5K13GIMJQ;A9WGDBDXUNLOD;6/15/18 6:30 PM;Q1AnsweryQ2Answern;Approved;"{""tweet_url"":""https://twitter.com/edwardsoohoo11/status/976601301932011520""}";;;;;;
37ZQELHEQ07CN6MNA0EHHS5UH5ONMT;3RXCAC0YISYTF91RJXW5AARQRKDG8V;A23WTODPHXZ68Y;6/16/18 5:18 PM;Q1AnsweryQ2Answern;Approved;"{""tweet_url"":""https://twitter.com/edwardsoohoo11/status/976601301932011520""}";;;;;;
382GHPVPHS0PFC47MDU6MKQOQXD34Z;3PMBY0YE28CGC24WM360KF1MDYDC9G;ATHS9GUME1XCA;6/17/18 3:38 AM;Q1AnsweryQ2AnsweryQ3Answern;Approved;"{""tweet_url"":""https://twitter.com/arkdrums/status/975901877526253568""}";;;;;;
382GHPVPHS0PFC47MDU6MKQOQXD34Z;3WT783CTPCQZ0VJTKNKWBLWC1Y6BCF;A23WTODPHXZ68Y;6/16/18 5:19 PM;Q1AnsweryQ2AnsweryQ3Answers;Approved;"{""tweet_url"":""https://twitter.com/arkdrums/status/975901877526253568""}";;;;;;
382GHPVPHS0PFC47MDU6MKQOQXD34Z;3XLBSAQ9Z5LP6CRDZKSOHHB1RQAZ7P;A9WGDBDXUNLOD;6/17/18 2:13 AM;Q1AnsweryQ2AnsweryQ3Answern;Approved;"{""tweet_url"":""https://twitter.com/arkdrums/status/975901877526253568""}";;;;;;
38F60IALAGQDF5K0IRDVSU493K9T0P;33TIN5LC05JTF551IVOPH6T5GLN9YB;A1RWNYJA5X25YH;6/15/18 9:04 PM;Q1Answern;Approved;"{""tweet_url"":""https://twitter.com/RaleighPipeBand/status/977690858693775360""}";;;;;;
38F60IALAGQDF5K0IRDVSU493K9T0P;3PDJHANYK6PKBRDEAOHPBW700PW6HU;ACJK1CSODSI6N;6/16/18 3:01 PM;Q1Answern;Approved;"{""tweet_url"":""https://twitter.com/RaleighPipeBand/status/977690858693775360""}";;;;;;
38F60IALAGQDF5K0IRDVSU493K9T0P;3ZPPDN2SLW5V90OAIUCVA31PY97E9Q;A35ARURSRU6UAZ;6/16/18 12:25 PM;Q1Answern;Approved;"{""tweet_url"":""https://twitter.com/RaleighPipeBand/status/977690858693775360""}";;;;;;
38G0E1M85ME88J05LTRUIJG1GUTVUA;36H9ULYP633CLQ1FZHNEHF0S6G7JFJ;A23WTODPHXZ68Y;6/16/18 5:29 PM;Q1Answern;Approved;"{""tweet_url"":""https://twitter.com/inline8706/status/976489092128100353""}";;;;;;
38G0E1M85ME88J05LTRUIJG1GUTVUA;3BXQMRHWK07R5G4QX3V5J7TCKWFMUL;A2RHLZO74ZXQV3;6/15/18 5:50 PM;Q1Answern;Approved;"{""tweet_url"":""https://twitter.com/inline8706/status/976489092128100353""}";;;;;;
38G0E1M85ME88J05LTRUIJG1GUTVUA;3VE8AYVF8N6N195W8DQNSPREQ5N8FY;A9WGDBDXUNLOD;6/17/18 2:13 AM;Q1Answern;Approved;"{""tweet_url"":""https://twitter.com/inline8706/status/976489092128100353""}";;;;;;
38VTL6WC4AM8RY5VP366H6SFZU2Y54;3ATPCQ38J9J7KOF6A12PD14PM4DAY1;A9WGDBDXUNLOD;6/17/18 2:14 AM;Q1Answern;Approved;"{""tweet_url"":""https://twitter.com/Crazy123Caitlin/status/976483507802460165""}";;;;;;
38VTL6WC4AM8RY5VP366H6SFZU2Y54;3KMS4QQVK3Z7WA7XH2NQIU05L4CFKH;A3GNQDFPZALU92;6/16/18 12:48 AM;Q1AnsweryQ2Answern;Approved;"{""tweet_url"":""https://twitter.com/Crazy123Caitlin/status/976483507802460165""}";;;;;;
38VTL6WC4AM8RY5VP366H6SFZU2Y54;3ZSY5X72NYKNPRXL6PFD60VX8YSOR2;A23WTODPHXZ68Y;6/16/18 5:32 PM;Q1AnsweryQ2Answern;Approved;"{""tweet_url"":""https://twitter.com/Crazy123Caitlin/status/976483507802460165""}";;;;;;
39O0SQZVJNGEH17SZ1T97UDENDJ7RR;35GCEFQ6I6X75TQQX8PY40ZLMOOZ3K;A9WGDBDXUNLOD;6/17/18 2:10 AM;Q1Answern;Approved;"{""tweet_url"":""https://twitter.com/jakelon8/status/975828721520189440""}";;;;;;
39O0SQZVJNGEH17SZ1T97UDENDJ7RR;3DYGAII7PMH5YQUM8A3SQAQIMHMPQJ;A23WTODPHXZ68Y;6/16/18 5:34 PM;Q1Answern;Approved;"{""tweet_url"":""https://twitter.com/jakelon8/status/975828721520189440""}";;;;;;
39O0SQZVJNGEH17SZ1T97UDENDJ7RR;3HQUKB7LNGN08GXV678T8NWQ93QHHK;ATHS9GUME1XCA;6/17/18 3:40 AM;Q1Answern;Approved;"{""tweet_url"":""https://twitter.com/jakelon8/status/975828721520189440""}";;;;;;
39O6Z4JLX260PNU0QY2H2QF5ACAVX2;3JAOYWH7VJD9F6Y2ZGZZNYR9766L9I;A33M7EZ72P8TWF;6/16/18 11:13 AM;Q1AnsweryQ2AnsweryQ3Answern;Approved;"{""tweet_url"":""https://twitter.com/Lennjucas/status/976106416669908993""}";;;;;;
39O6Z4JLX260PNU0QY2H2QF5ACAVX2;3KKG4CDWKJ7DHYRHTO0I1HPYLKV94X;A2PBRI6BOYDN94;6/16/18 5:53 AM;Q1Answern;Approved;"{""tweet_url"":""https://twitter.com/Lennjucas/status/976106416669908993""}";;;;;;
39O6Z4JLX260PNU0QY2H2QF5ACAVX2;3NC5L260MPVQM1SCFUFJPBHE59MFO1;A3GNQDFPZALU92;6/16/18 12:48 AM;Q1Answern;Approved;"{""tweet_url"":""https://twitter.com/Lennjucas/status/976106416669908993""}";;;;;;
3A520CCNWN97RZ0LKYLTIEGL9WZAE8;3EICBYG64555IEH58FXD99FP93DJC6;A3CFNUD7VR2E1E;6/16/18 4:43 PM;Q1AnsweryQ2AnsweryQ3Answern;Approved;"{""tweet_url"":""https://twitter.com/madanibeso/status/976596600897310722""}";;;;;;
3A520CCNWN97RZ0LKYLTIEGL9WZAE8;3JAOYWH7VJD9F6Y2ZGZZNYR97699L9;A2F0X4LN9N4O4C;6/16/18 12:41 PM;Q1AnsweryQ2AnsweryQ3Answers;Approved;"{""tweet_url"":""https://twitter.com/madanibeso/status/976596600897310722""}";;;;;;
3A520CCNWN97RZ0LKYLTIEGL9WZAE8;3ZSY5X72NYKNPRXL6PFD60VX8XQRO1;ATHS9GUME1XCA;6/15/18 6:24 PM;Q1AnsweryQ2AnsweryQ3Answern;Approved;"{""tweet_url"":""https://twitter.com/madanibeso/status/976596600897310722""}";;;;;;
3AQN9REUTFP3VBKO49OPFIG7CB0YDC;3BDCF01OGY3OG76A7SRFMFK0GFTLY9;A35ARURSRU6UAZ;6/16/18 12:28 PM;Q1Answern;Approved;"{""tweet_url"":""https://twitter.com/TheComicHunter/status/975823639944859651""}";;;;;;
3AQN9REUTFP3VBKO49OPFIG7CB0YDC;3JJVG1YBEC6E1AAE5DXOXFQ29HKB57;A23WTODPHXZ68Y;6/16/18 5:17 PM;Q1Answern;Approved;"{""tweet_url"":""https://twitter.com/TheComicHunter/status/975823639944859651""}";;;;;;
3AQN9REUTFP3VBKO49OPFIG7CB0YDC;3ZAK8W07I5NU22XJ8Y87LAMZHT9U0D;A3CFNUD7VR2E1E;6/16/18 1:41 PM;Q1Answern;Approved;"{""tweet_url"":""https://twitter.com/TheComicHunter/status/975823639944859651""}";;;;;;
3B286OTISEQF2FMDYZWKFUTDE4VAJT;3AUQQEL7U62UFHMJDOICHWOIV0EV0Z;A33M7EZ72P8TWF;6/16/18 11:13 AM;Q1AnsweryQ2Answern;Approved;"{""tweet_url"":""https://twitter.com/EdgeWorcester/status/975834047409786882""}";;;;;;
3B286OTISEQF2FMDYZWKFUTDE4VAJT;3EJPLAJKENP62CD8GANWB3B5WFQZ6Q;A9WGDBDXUNLOD;6/17/18 2:12 AM;Q1Answern;Approved;"{""tweet_url"":""https://twitter.com/EdgeWorcester/status/975834047409786882""}";;;;;;
3B286OTISEQF2FMDYZWKFUTDE4VAJT;3I2PTA7R3U34NZX6VIYKUT4JS7GQKJ;A23WTODPHXZ68Y;6/16/18 5:27 PM;Q1Answern;Approved;"{""tweet_url"":""https://twitter.com/EdgeWorcester/status/975834047409786882""}";;;;;;
3BO3NEOQM0QJ7427GHBK3TED1P6AIH;34Q075JO1YMET56L6AYNA8H26XI10T;A23WTODPHXZ68Y;6/16/18 5:16 PM;Q1AnsweryQ2Answern;Approved;"{""tweet_url"":""https://twitter.com/BogartSpirits/status/975851394493071361""}";;;;;;
3BO3NEOQM0QJ7427GHBK3TED1P6AIH;35USIKEBNSPCLNZPDMC2GG4WM136N1;A3CFNUD7VR2E1E;6/16/18 1:43 PM;Q1AnsweryQ2Answers;Approved;"{""tweet_url"":""https://twitter.com/BogartSpirits/status/975851394493071361""}";;;;;;
3BO3NEOQM0QJ7427GHBK3TED1P6AIH;3OXV7EAXLFZ5HJ6FV3SN726QHJH63O;A7114FTRGZMK2;6/15/18 6:19 PM;Q1AnsweryQ2AnsweryQ3Answery;Approved;"{""tweet_url"":""https://twitter.com/BogartSpirits/status/975851394493071361""}";;;;;;
3CVBMEMMXBP1S7TP3WHFTQB804L7HU;30BXRYBRP56I56SK16UT9Q6DORWHWD;A14PFRHG0A2YY9;6/16/18 8:06 PM;Q1AnsweryQ2AnsweryQ3Answern;Approved;"{""tweet_url"":""https://twitter.com/Rebecca_lovelee/status/978081296349048833""}";;;;;;
3CVBMEMMXBP1S7TP3WHFTQB804L7HU;3QY5DC2MXSTLZ6C9BGRSOH93NW5UFQ;A23WTODPHXZ68Y;6/16/18 5:34 PM;Q1AnsweryQ2Answers;Approved;"{""tweet_url"":""https://twitter.com/Rebecca_lovelee/status/978081296349048833""}";;;;;;
3CVBMEMMXBP1S7TP3WHFTQB804L7HU;3TPZPLC3M1LDRPOKAZRWD2X7CPI3P4;A9WGDBDXUNLOD;6/17/18 2:18 AM;Q1AnsweryQ2Answern;Approved;"{""tweet_url"":""https://twitter.com/Rebecca_lovelee/status/978081296349048833""}";;;;;;
3D17ECOUOE48ND7OZVB4OMJLED331M;37TRT2X24R0M89PZUF1IYP97RH6JBQ;A35ARURSRU6UAZ;6/16/18 12:26 PM;Q1AnsweryQ2AnsweryQ3Answern;Approved;"{""tweet_url"":""https://twitter.com/VlgSevenOaks/status/976156721033949185""}";;;;;;
3D17ECOUOE48ND7OZVB4OMJLED331M;3B2X28YI3XOAKEASAW7TPL425CV6BI;A23WTODPHXZ68Y;6/16/18 5:23 PM;Q1AnsweryQ2Answern;Approved;"{""tweet_url"":""https://twitter.com/VlgSevenOaks/status/976156721033949185""}";;;;;;
3D17ECOUOE48ND7OZVB4OMJLED331M;3N1FSUEFL69PKO4Y545KND8OC56D4E;A3GNQDFPZALU92;6/16/18 12:49 AM;Q1AnsweryQ2AnsweryQ3Answers;Approved;"{""tweet_url"":""https://twitter.com/VlgSevenOaks/status/976156721033949185""}";;;;;;
3D5G8J4N5ADT86LGLO1KDNUZXGMVTJ;3BEFOD78W72SOIABIX4N63VILJRM4Y;A130P4M9JPT4YA;6/15/18 6:14 PM;Q1Answern;Approved;"{""tweet_url"":""https://twitter.com/ScappatiDiCasa/status/976750454943178752""}";;;;;;
3D5G8J4N5ADT86LGLO1KDNUZXGMVTJ;3DEL4X4EL7UJG1NZLBU3X9FNNOHYXM;A3GNQDFPZALU92;6/16/18 1:13 AM;Q1Answern;Approved;"{""tweet_url"":""https://twitter.com/ScappatiDiCasa/status/976750454943178752""}";;;;;;
3D5G8J4N5ADT86LGLO1KDNUZXGMVTJ;3T111IHZ5FZKI4TF40WV9A08DY49R5;AURYD2FH3FUOQ;6/15/18 5:40 PM;Q1AnsweryQ2Answers;Approved;"{""tweet_url"":""https://twitter.com/ScappatiDiCasa/status/976750454943178752""}";;;;;;
3DA79LNS5949WXJX1EVEUS2G6WTT3K;33IZTU6J82AMKFBQM52EFNRM64DXS1;A03922113RU44GENR8ATX;6/16/18 4:12 PM;Q1AnsweryQ2Answern;Approved;"{""tweet_url"":""https://twitter.com/RebelPitchbot/status/976260945226985472""}";;;;;;
3DA79LNS5949WXJX1EVEUS2G6WTT3K;3PS7W85Z80BXYJ678P1Q9P1Q1K09TJ;ABNJZG6Q8TVDQ;6/16/18 3:04 PM;Q1AnsweryQ2Answern;Approved;"{""tweet_url"":""https://twitter.com/RebelPitchbot/status/976260945226985472""}";;;;;;
3DA79LNS5949WXJX1EVEUS2G6WTT3K;3V0Z7YWSIZ91BRPXSBMQ0KHXSYYV2J;A33M7EZ72P8TWF;6/16/18 11:13 AM;Q1AnsweryQ2Answern;Approved;"{""tweet_url"":""https://twitter.com/RebelPitchbot/status/976260945226985472""}";;;;;;
3E9VAUV7BWN5X4HCKZXNPH81R83YAA;33LKR6A5KFTF9E3C4CMXUJJ737G1T4;A3AWC4P8QUK1XB;6/15/18 8:01 PM;Q1Answern;Approved;"{""tweet_url"":""https://twitter.com/IrishtimesMIA/status/975933896301993984""}";;;;;;
3E9VAUV7BWN5X4HCKZXNPH81R83YAA;3483FV8BEFSGW1AWR3EIOS1YB5G268;A10BH9PYCYUKDJ;6/15/18 5:41 PM;Q1Answern;Approved;"{""tweet_url"":""https://twitter.com/IrishtimesMIA/status/975933896301993984""}";;;;;;
3E9VAUV7BWN5X4HCKZXNPH81R83YAA;3WS1NTTKEZL5JK0TD9D8ZALW7600FQ;A20NITCOBY4775;6/15/18 6:15 PM;Q1Answern;Approved;"{""tweet_url"":""https://twitter.com/IrishtimesMIA/status/975933896301993984""}";;;;;;
3EFNPKWBMSX8GOM63C74AH0B9LX30J;3IAS3U3I0GPM2DRRNUVQZ8NQP73B2G;A9WGDBDXUNLOD;6/17/18 2:20 AM;Q1AnsweryQ2Answern;Approved;"{""tweet_url"":""https://twitter.com/miiinnnaaaaa/status/976327746472300545""}";;;;;;
3EFNPKWBMSX8GOM63C74AH0B9LX30J;3QUO65DNQVXF5JP2AJAIBBIHFXWUOC;A23WTODPHXZ68Y;6/16/18 5:36 PM;Q1AnsweryQ2Answern;Approved;"{""tweet_url"":""https://twitter.com/miiinnnaaaaa/status/976327746472300545""}";;;;;;
3EFNPKWBMSX8GOM63C74AH0B9LX30J;3RWE2M8QWIJH7CDABXWL7FU59XS0N3;A3GNQDFPZALU92;6/16/18 1:00 AM;Q1AnsweryQ2Answern;Approved;"{""tweet_url"":""https://twitter.com/miiinnnaaaaa/status/976327746472300545""}";;;;;;
3EGKVCRQFW1AGEM4QDXJKSS79QOYB5;3CFJTT4SXUZ3BM23ZG42HM8BVCY7IO;A9WGDBDXUNLOD;6/15/18 6:32 PM;Q1AnsweryQ2Answern;Approved;"{""tweet_url"":""https://twitter.com/CarlosAlex_Ruiz/status/975834707735740417""}";;;;;;
3EGKVCRQFW1AGEM4QDXJKSS79QOYB5;3CFVK00FWMUMXNW419WN3O07H69L6K;A23WTODPHXZ68Y;6/16/18 5:17 PM;Q1AnsweryQ2Answern;Approved;"{""tweet_url"":""https://twitter.com/CarlosAlex_Ruiz/status/975834707735740417""}";;;;;;
3EGKVCRQFW1AGEM4QDXJKSS79QOYB5;3YDTZAI2WYPVSTOMPBLPMB7FN8X419;ATHS9GUME1XCA;6/15/18 6:23 PM;Q1AnsweryQ2Answern;Approved;"{""tweet_url"":""https://twitter.com/CarlosAlex_Ruiz/status/975834707735740417""}";;;;;;
3FCO4VKOZ4MP8X2NDV998NEV8OT7EE;34S9DKFK74YE479VJ57UZ7OPLB2NYO;A23WTODPHXZ68Y;6/16/18 5:28 PM;Q1Answern;Approved;"{""tweet_url"":""https://twitter.com/flybyourpants/status/979301720961486848""}";;;;;;
3FCO4VKOZ4MP8X2NDV998NEV8OT7EE;3BV8HQ2ZZXA514504I7XUAKWNUK6AX;A9WGDBDXUNLOD;6/17/18 2:12 AM;Q1Answern;Approved;"{""tweet_url"":""https://twitter.com/flybyourpants/status/979301720961486848""}";;;;;;
3FCO4VKOZ4MP8X2NDV998NEV8OT7EE;3KV0LJBBH3UZPOC9T900EW6SDXBRMM;A2PBRI6BOYDN94;6/15/18 6:24 PM;Q1Answers;Approved;"{""tweet_url"":""https://twitter.com/flybyourpants/status/979301720961486848""}";;;;;;
3FVBZG9CLJNNAWT5IXW6EB1LSQF0HN;3E337GFOLAHEIGOVPZLOS7HLGFCGNJ;A23WTODPHXZ68Y;6/16/18 5:25 PM;Q1AnsweryQ2Answern;Approved;"{""tweet_url"":""https://twitter.com/SteppinOutRadio/status/978767522345336832""}";;;;;;
3FVBZG9CLJNNAWT5IXW6EB1LSQF0HN;3R5F3LQFV3TWRIJCG69QS3XWHENOZ5;A104V8NZIQFN2F;6/16/18 7:48 AM;Q1AnsweryQ2Answern;Approved;"{""tweet_url"":""https://twitter.com/SteppinOutRadio/status/978767522345336832""}";;;;;;
3FVBZG9CLJNNAWT5IXW6EB1LSQF0HN;3S4AW7T80CR8I0SQIL386QGTLESL4M;A33M7EZ72P8TWF;6/16/18 11:12 AM;Q1AnsweryQ2Answern;Approved;"{""tweet_url"":""https://twitter.com/SteppinOutRadio/status/978767522345336832""}";;;;;;
3G3AJKPCXL1QVF1VBYNWCEM1ZY7Y4Z;30X31N5D64ZAO23XBVA0VFGO5J3SAR;ACJK1CSODSI6N;6/16/18 3:03 PM;Q1Answern;Approved;"{""tweet_url"":""https://twitter.com/kemmeth71/status/978301577537531905""}";;;;;;
3G3AJKPCXL1QVF1VBYNWCEM1ZY7Y4Z;32XVDSJFP06IL4VOEJLZDOYK15V2MI;A7114FTRGZMK2;6/15/18 5:46 PM;Q1Answern;Approved;"{""tweet_url"":""https://twitter.com/kemmeth71/status/978301577537531905""}";;;;;;
3G3AJKPCXL1QVF1VBYNWCEM1ZY7Y4Z;3MAOD8E57RJP42JLE9LSGTHGJ56NXG;A3CFNUD7VR2E1E;6/16/18 4:42 PM;Q1Answern;Approved;"{""tweet_url"":""https://twitter.com/kemmeth71/status/978301577537531905""}";;;;;;
3G9UA71JVV3XJDOFRWK053RNDWP7JZ;3KOPY89HM9BH5ELMFMMCG6BV3Q2J3A;A23WTODPHXZ68Y;6/16/18 5:25 PM;Q1Answern;Approved;"{""tweet_url"":""https://twitter.com/HabItHerWay/status/977648218434691074""}";;;;;;
3G9UA71JVV3XJDOFRWK053RNDWP7JZ;3L4D84MIL01WZMSLU7BEK0C5MVUHJP;ATHS9GUME1XCA;6/17/18 3:41 AM;Q1Answern;Approved;"{""tweet_url"":""https://twitter.com/HabItHerWay/status/977648218434691074""}";;;;;;
3G9UA71JVV3XJDOFRWK053RNDWP7JZ;3U088ZLJVL27U6MO3YN83Y7W2A10W1;A9WGDBDXUNLOD;6/17/18 2:21 AM;Q1Answern;Approved;"{""tweet_url"":""https://twitter.com/HabItHerWay/status/977648218434691074""}";;;;;;
3GS542CVJVWTQXXNHREQIPZOQLI59N;3IXQG4FA2U7X2XCQ83A59VV4VC8B91;A3GNQDFPZALU92;6/16/18 12:50 AM;Q1AnsweryQ2Answern;Approved;"{""tweet_url"":""https://twitter.com/K_gorlesky/status/979131741041582080""}";;;;;;
3GS542CVJVWTQXXNHREQIPZOQLI59N;3TMFV4NEP9NPCVRRY20NWDDEL838WM;A23WTODPHXZ68Y;6/16/18 5:19 PM;Q1AnsweryQ2Answern;Approved;"{""tweet_url"":""https://twitter.com/K_gorlesky/status/979131741041582080""}";;;;;;
3GS542CVJVWTQXXNHREQIPZOQLI59N;3YMU66OBIOHM8K2KM1QBNNKPU3DGHK;A9WGDBDXUNLOD;6/17/18 2:20 AM;Q1Answern;Approved;"{""tweet_url"":""https://twitter.com/K_gorlesky/status/979131741041582080""}";;;;;;
3GVPRXWRPH31O2499EZ0T2CN0H07IN;34Z02EIMITMF2PIU8TIXGE0XYGJ0TB;A9WGDBDXUNLOD;6/17/18 2:12 AM;Q1Answern;Approved;"{""tweet_url"":""https://twitter.com/Social_mediasos/status/977800945076666368""}";;;;;;
3GVPRXWRPH31O2499EZ0T2CN0H07IN;3BEFOD78W72SOIABIX4N63VILKQ4MH;ACJK1CSODSI6N;6/16/18 3:03 PM;Q1Answern;Approved;"{""tweet_url"":""https://twitter.com/Social_mediasos/status/977800945076666368""}";;;;;;
3GVPRXWRPH31O2499EZ0T2CN0H07IN;3U4J9857OFKTOEOXT6CLVZ4Y0NFB7M;A23WTODPHXZ68Y;6/16/18 5:17 PM;Q1Answern;Approved;"{""tweet_url"":""https://twitter.com/Social_mediasos/status/977800945076666368""}";;;;;;
3H4IKZHALBRI5O7NM1THU7UUMVYNNT;3KIBXJ1WD6312NKQG56G5O9JD5AOKJ;A104V8NZIQFN2F;6/16/18 7:47 AM;Q1AnsweryQ2Answern;Approved;"{""tweet_url"":""https://twitter.com/CraneTFM/status/976264814367457280""}";;;;;;
3H4IKZHALBRI5O7NM1THU7UUMVYNNT;3QBD8R3Z22SGOLVNVDJ0Y7KNGK8O4J;A23WTODPHXZ68Y;6/16/18 5:30 PM;Q1AnsweryQ2Answern;Approved;"{""tweet_url"":""https://twitter.com/CraneTFM/status/976264814367457280""}";;;;;;
3H4IKZHALBRI5O7NM1THU7UUMVYNNT;3TY7ZAOG5GTGZ6S7EK45FND1F2N0KY;A3GNQDFPZALU92;6/16/18 12:48 AM;Q1AnsweryQ2AnsweryQ3Answers;Approved;"{""tweet_url"":""https://twitter.com/CraneTFM/status/976264814367457280""}";;;;;;
3HA5ODM5KA1ST681WOWU3IYDVX8VSU;3IRIK4HM3BTTUJ2YOW3O05AKNXVC6V;A23WTODPHXZ68Y;6/16/18 5:31 PM;Q1AnsweryQ2Answern;Approved;"{""tweet_url"":""https://twitter.com/OpheliacMonst3r/status/977705720010350592""}";;;;;;
3HA5ODM5KA1ST681WOWU3IYDVX8VSU;3SLE99ER0OMC8OU3C144MJXXAG1ZBB;A9WGDBDXUNLOD;6/17/18 2:19 AM;Q1Answern;Approved;"{""tweet_url"":""https://twitter.com/OpheliacMonst3r/status/977705720010350592""}";;;;;;
3HA5ODM5KA1ST681WOWU3IYDVX8VSU;3TDXMTX3CC3K7MOYG6ZAB88F01KI66;A3GNQDFPZALU92;6/16/18 12:46 AM;Q1AnsweryQ2Answers;Approved;"{""tweet_url"":""https://twitter.com/OpheliacMonst3r/status/977705720010350592""}";;;;;;
3HEADTGN2P1GSR8OHZWPD8TH9VPVR6;37M28K1J0RMHPZK7O11M3EP190SJA4;A3CFNUD7VR2E1E;6/16/18 4:41 PM;Q1AnsweryQ2Answern;Approved;"{""tweet_url"":""https://twitter.com/quench_mag/status/979634252563275777""}";;;;;;
3HEADTGN2P1GSR8OHZWPD8TH9VPVR6;37QW5D2ZRHVW5EAIEXQMZOATFUC8SA;A3GNQDFPZALU92;6/16/18 12:47 AM;Q1AnsweryQ2Answern;Approved;"{""tweet_url"":""https://twitter.com/quench_mag/status/979634252563275777""}";;;;;;
3HEADTGN2P1GSR8OHZWPD8TH9VPVR6;3FTF2T8WLSRPQ0A13U61W98P5DK9W9;A9WGDBDXUNLOD;6/15/18 6:29 PM;Q1AnsweryQ2AnsweryQ3Answern;Approved;"{""tweet_url"":""https://twitter.com/quench_mag/status/979634252563275777""}";;;;;;
3I6NF2WGIG5857KVVXK0A6LBUYD5GE;3E1QT0TDFQI7B07M9LW8VM466WAI8S;A3GNQDFPZALU92;6/16/18 12:46 AM;Q1AnsweryQ2Answern;Approved;"{""tweet_url"":""https://twitter.com/OodiaBaba/status/976743372651196416""}";;;;;;
3I6NF2WGIG5857KVVXK0A6LBUYD5GE;3FFJ6VRIL2XPTB2JEHJT27YONZU0IL;A23WTODPHXZ68Y;6/16/18 5:35 PM;Q1AnsweryQ2Answern;Approved;"{""tweet_url"":""https://twitter.com/OodiaBaba/status/976743372651196416""}";;;;;;
3I6NF2WGIG5857KVVXK0A6LBUYD5GE;3SB4CE2TJW4IKJPW55GNUNXGKYJAXV;A9WGDBDXUNLOD;6/17/18 2:09 AM;Q1Answern;Approved;"{""tweet_url"":""https://twitter.com/OodiaBaba/status/976743372651196416""}";;;;;;
3I7SHAD35M5NKLU0UTXSLVJ4HQK7M3;36ZN444YTS7AWSU2G2L4S8U6L10OIN;A35ARURSRU6UAZ;6/16/18 12:28 PM;Q1AnsweryQ2AnsweryQ3Answers;Approved;"{""tweet_url"":""https://twitter.com/cseJesc/status/976265968509997056""}";;;;;;
3I7SHAD35M5NKLU0UTXSLVJ4HQK7M3;3X87C8JFV7K2BIAE0R7MLFVT91TSQ2;A23WTODPHXZ68Y;6/16/18 5:35 PM;Q1AnsweryQ2AnsweryQ3Answery;Approved;"{""tweet_url"":""https://twitter.com/cseJesc/status/976265968509997056""}";;;;;;
3I7SHAD35M5NKLU0UTXSLVJ4HQK7M3;3Z7VU45IPZQBVQCBA4BFG7KOO4V1ZF;A3CFNUD7VR2E1E;6/16/18 1:44 PM;Q1Answern;Approved;"{""tweet_url"":""https://twitter.com/cseJesc/status/976265968509997056""}";;;;;;
3J06WJ78HNT8LYP5QJ1ZE5IKU12VVZ;3NC5L260MPVQM1SCFUFJPBHE59TOFH;ATHS9GUME1XCA;6/16/18 7:46 AM;Q1Answern;Approved;"{""tweet_url"":""https://twitter.com/asstastic02/status/976228680572817408""}";;;;;;
3J06WJ78HNT8LYP5QJ1ZE5IKU12VVZ;3OVHNO1VE7A5NLSNQXVAH9LXD1DZDI;A9WGDBDXUNLOD;6/17/18 2:20 AM;Q1Answern;Approved;"{""tweet_url"":""https://twitter.com/asstastic02/status/976228680572817408""}";;;;;;
3J06WJ78HNT8LYP5QJ1ZE5IKU12VVZ;3RUIQRXJBCX4G8ZBOD2PS7I471YLLS;A23WTODPHXZ68Y;6/16/18 5:24 PM;Q1Answern;Approved;"{""tweet_url"":""https://twitter.com/asstastic02/status/976228680572817408""}";;;;;;
3J6BHNX0U91HXIMKPO112FDQS0TNKO;33JKGHPFYD3EAQKH02JJ5C1IC1YMN7;ATHS9GUME1XCA;6/17/18 3:39 AM;Q1Answern;Approved;"{""tweet_url"":""https://twitter.com/Social_mediasos/status/979221724410601472""}";;;;;;
3J6BHNX0U91HXIMKPO112FDQS0TNKO;3HMVI3QICK1BQ026EI9W20BMIAY1YV;A23WTODPHXZ68Y;6/16/18 5:33 PM;Q1Answern;Approved;"{""tweet_url"":""https://twitter.com/Social_mediasos/status/979221724410601472""}";;;;;;
3J6BHNX0U91HXIMKPO112FDQS0TNKO;3P1L2B7AD2YCMT2815IHKOMY26COLL;A9WGDBDXUNLOD;6/17/18 2:12 AM;Q1Answern;Approved;"{""tweet_url"":""https://twitter.com/Social_mediasos/status/979221724410601472""}";;;;;;
3J94SKDEKIY5TNA4T7JS4LIEH6X5D4;379J5II41PPQA2PJ7RFLFCSKY32EL1;A3GNQDFPZALU92;6/16/18 1:15 AM;Q1Answern;Approved;"{""tweet_url"":""https://twitter.com/MissSamma/status/977836506994880512""}";;;;;;
3J94SKDEKIY5TNA4T7JS4LIEH6X5D4;3ND9UOO81LBKR2BASR9R1IZK57TLWA;A35ARURSRU6UAZ;6/16/18 12:28 PM;Q1Answern;Approved;"{""tweet_url"":""https://twitter.com/MissSamma/status/977836506994880512""}";;;;;;
3J94SKDEKIY5TNA4T7JS4LIEH6X5D4;3Z4AIRP3C7MMQVCW9MNUJM4DG31X1G;ATHS9GUME1XCA;6/15/18 6:24 PM;Q1Answern;Approved;"{""tweet_url"":""https://twitter.com/MissSamma/status/977836506994880512""}";;;;;;
3J9UN9O9J31J12OV6XZRQOH05IJ0JS;33FOTY3KENUYNX11IQR759J3FLJC1Z;A2F0X4LN9N4O4C;6/15/18 11:12 PM;Q1AnsweryQ2Answern;Approved;"{""tweet_url"":""https://twitter.com/MCJames46/status/978013878737973248""}";;;;;;
3J9UN9O9J31J12OV6XZRQOH05IJ0JS;3DZQRBDBSMOA4H4C2GVQ872IZ9AS3U;ACJK1CSODSI6N;6/16/18 2:55 PM;Q1AnsweryQ2AnsweryQ3Answern;Approved;"{""tweet_url"":""https://twitter.com/MCJames46/status/978013878737973248""}";;;;;;
3J9UN9O9J31J12OV6XZRQOH05IJ0JS;3HRMW88U17ZBPUSAZWHLU05548DM0M;A23WTODPHXZ68Y;6/16/18 5:30 PM;Q1AnsweryQ2Answern;Approved;"{""tweet_url"":""https://twitter.com/MCJames46/status/978013878737973248""}";;;;;;
3JAOYN9IHLB4XGL3MZPNCFYICXH33E;32Z9ZLUT1MTA0XJIAK3JSWTRLO6OHF;ATHS9GUME1XCA;6/16/18 7:46 AM;Q1Answern;Approved;"{""tweet_url"":""https://twitter.com/bctitus/status/975909746321408000""}";;;;;;
3JAOYN9IHLB4XGL3MZPNCFYICXH33E;3EKVH9QMEZDFHAPB1QMWUYBQSRAD2I;A3GNQDFPZALU92;6/16/18 12:49 AM;Q1Answern;Approved;"{""tweet_url"":""https://twitter.com/bctitus/status/975909746321408000""}";;;;;;
3JAOYN9IHLB4XGL3MZPNCFYICXH33E;3MMN5BL1W0D76MR7IJZ4WY3C7KXM3H;A23WTODPHXZ68Y;6/16/18 5:31 PM;Q1Answern;Approved;"{""tweet_url"":""https://twitter.com/bctitus/status/975909746321408000""}";;;;;;
3JGHED38ED0NE2JEDWL3FQ6BQ0XY7J;3E337GFOLAHEIGOVPZLOS7HLGE1NGD;A33M7EZ72P8TWF;6/16/18 11:12 AM;Q1AnsweryQ2Answern;Approved;"{""tweet_url"":""https://twitter.com/MSZlab/status/976389586992685056""}";;;;;;
3JGHED38ED0NE2JEDWL3FQ6BQ0XY7J;3MRNMEIQW6FLIWBJBW419UAZYSWLDC;A23WTODPHXZ68Y;6/16/18 5:21 PM;Q1Answers;Approved;"{""tweet_url"":""https://twitter.com/MSZlab/status/976389586992685056""}";;;;;;
3JGHED38ED0NE2JEDWL3FQ6BQ0XY7J;3MTMREQS4WR3VJK6V0K1S4J9BVFWAO;A104V8NZIQFN2F;6/16/18 7:47 AM;Q1AnsweryQ2AnsweryQ3Answers;Approved;"{""tweet_url"":""https://twitter.com/MSZlab/status/976389586992685056""}";;;;;;
3JMNNNO3B1DC3WR8SJMKY24N4CC2W9;32SCWG5HIIDCO8B2T1PUK59RMG76P0;ABNJZG6Q8TVDQ;6/16/18 3:03 PM;Q1Answern;Approved;"{""tweet_url"":""https://twitter.com/flybyourpants/status/978112684150358017""}";;;;;;
3JMNNNO3B1DC3WR8SJMKY24N4CC2W9;32Z9ZLUT1MTA0XJIAK3JSWTRLOTHOV;A1L5H5KX16J1LS;6/15/18 6:33 PM;Q1Answern;Approved;"{""tweet_url"":""https://twitter.com/flybyourpants/status/978112684150358017""}";;;;;;
3JMNNNO3B1DC3WR8SJMKY24N4CC2W9;39ZSFO5CA95148Y5U6ID3F1VG2KJUE;AKSJ3C5O3V9RB;6/15/18 5:45 PM;Q1Answern;Approved;"{""tweet_url"":""https://twitter.com/flybyourpants/status/978112684150358017""}";;;;;;
3JTPR5MTZSLD7TGELO5F8YD41FU5KH;3CPLWGV3MP8Z361NBTFE0QVYC199NB;A2F0X4LN9N4O4C;6/16/18 12:41 PM;Q1AnswernQ2Answern;Approved;"{""tweet_url"":""https://twitter.com/pretti_britty/status/976342018900348928""}";;;;;;
3JTPR5MTZSLD7TGELO5F8YD41FU5KH;3W8CV64QJ387TAFC8VK1V6Y2QQ89HC;A23WTODPHXZ68Y;6/16/18 5:28 PM;Q1AnsweryQ2AnsweryQ3Answery;Approved;"{""tweet_url"":""https://twitter.com/pretti_britty/status/976342018900348928""}";;;;;;
3JTPR5MTZSLD7TGELO5F8YD41FU5KH;3YT88D1N097CGYR4X7MOHLB8IFC3K3;A9WGDBDXUNLOD;6/17/18 2:11 AM;Q1AnsweryQ2Answern;Approved;"{""tweet_url"":""https://twitter.com/pretti_britty/status/976342018900348928""}";;;;;;
3JVP4ZJHDP1N6R4POFEREN20S3U0IG;37Q970SNZFHEUEQXFCH7KENL1O21SF;A3AWC4P8QUK1XB;6/15/18 8:00 PM;Q1Answern;Approved;"{""tweet_url"":""https://twitter.com/TexomasHomepage/status/978595579222790144""}";;;;;;
3JVP4ZJHDP1N6R4POFEREN20S3U0IG;3JC6VJ2SACS9I05MZZXS246WRZ05A7;A23WTODPHXZ68Y;6/16/18 5:36 PM;Q1Answern;Approved;"{""tweet_url"":""https://twitter.com/TexomasHomepage/status/978595579222790144""}";;;;;;
3JVP4ZJHDP1N6R4POFEREN20S3U0IG;3LKC68YZ3BCSXNE75JPJTZ3E0DGWOM;A9WGDBDXUNLOD;6/17/18 2:11 AM;Q1Answern;Approved;"{""tweet_url"":""https://twitter.com/TexomasHomepage/status/978595579222790144""}";;;;;;
3L2OEKSTW9JREGOXN1D9TQ261K3Y86;34V1S5K3GTARWLVVCCTXYF9CHC269I;A9WGDBDXUNLOD;6/17/18 2:11 AM;Q1Answern;Approved;"{""tweet_url"":""https://twitter.com/publickitchensp/status/976121536938758145""}";;;;;;
3L2OEKSTW9JREGOXN1D9TQ261K3Y86;36DSNE9QZ676R3E8YK644996YGPJOU;A35ARURSRU6UAZ;6/16/18 12:31 PM;Q1Answern;Approved;"{""tweet_url"":""https://twitter.com/publickitchensp/status/976121536938758145""}";;;;;;
3L2OEKSTW9JREGOXN1D9TQ261K3Y86;3K4J6M3CXF27YXU6GVGJ61XLH8DGAZ;A23WTODPHXZ68Y;6/16/18 5:18 PM;Q1Answern;Approved;"{""tweet_url"":""https://twitter.com/publickitchensp/status/976121536938758145""}";;;;;;
3L55D8AUFA6TQJEA4DTEVCYPRBOYCC;308XBLVESJD36X8C2KAR0GVY1YLRBB;ATHS9GUME1XCA;6/16/18 7:47 AM;Q1Answern;Approved;"{""tweet_url"":""https://twitter.com/idkurnamepeter/status/975832738900201474""}";;;;;;
3L55D8AUFA6TQJEA4DTEVCYPRBOYCC;3NLZY2D53QYF75FOGIAL9THYH6QQLP;A3GNQDFPZALU92;6/16/18 1:13 AM;Q1Answern;Approved;"{""tweet_url"":""https://twitter.com/idkurnamepeter/status/975832738900201474""}";;;;;;
3L55D8AUFA6TQJEA4DTEVCYPRBOYCC;3TEM0PF1Q668L0MXM3IIBAIBVTKD0S;A1L5H5KX16J1LS;6/15/18 6:33 PM;Q1Answern;Approved;"{""tweet_url"":""https://twitter.com/idkurnamepeter/status/975832738900201474""}";;;;;;
3L7SUC0TTU392AUG9UCJ6G9H9CE0MW;384PI804XTAENP5FJTD7694BWX50SM;A9WGDBDXUNLOD;6/17/18 2:12 AM;Q1Answern;Approved;"{""tweet_url"":""https://twitter.com/Thefirdaydeals/status/975955289722662912""}";;;;;;
3L7SUC0TTU392AUG9UCJ6G9H9CE0MW;38BQUHLA9X9WSBKT1HJWK11N2CIOM5;A2HR7ZIX42FEPG;6/18/18 12:43 PM;Q1Answers;Approved;"{""tweet_url"":""https://twitter.com/Thefirdaydeals/status/975955289722662912""}";;;;;;
3L7SUC0TTU392AUG9UCJ6G9H9CE0MW;3TDXMTX3CC3K7MOYG6ZAB88F02F6IR;A23WTODPHXZ68Y;6/16/18 5:27 PM;Q1Answern;Approved;"{""tweet_url"":""https://twitter.com/Thefirdaydeals/status/975955289722662912""}";;;;;;
3MDKGGG61QW8TG6FKGTC1VE0GNVT6Q;3FIUS151DWB88O792V8T2N8OF3QGGB;A23WTODPHXZ68Y;6/16/18 5:21 PM;Q1AnsweryQ2Answern;Approved;"{""tweet_url"":""https://twitter.com/NewFitnessHacks/status/975900328682913792""}";;;;;;
3MDKGGG61QW8TG6FKGTC1VE0GNVT6Q;3KXIR214I5P2HE6I8FL3RUHKFEB24O;A9WGDBDXUNLOD;6/15/18 6:30 PM;Q1Answern;Approved;"{""tweet_url"":""https://twitter.com/NewFitnessHacks/status/975900328682913792""}";;;;;;
3MDKGGG61QW8TG6FKGTC1VE0GNVT6Q;3W8CV64QJ387TAFC8VK1V6Y2QQI9HM;ATHS9GUME1XCA;6/17/18 3:42 AM;Q1AnsweryQ2Answern;Approved;"{""tweet_url"":""https://twitter.com/NewFitnessHacks/status/975900328682913792""}";;;;;;
3MNJFORX8BD2R7O0KDEISLLZTJD5FF;33FOTY3KENUYNX11IQR759J3FMC1CJ;ACJK1CSODSI6N;6/16/18 3:01 PM;Q1AnsweryQ2Answern;Approved;"{""tweet_url"":""https://twitter.com/SteppinOutRadio/status/977213932984135685""}";;;;;;
3MNJFORX8BD2R7O0KDEISLLZTJD5FF;3II4UPYCOKGW9TRW31CXQG9T8YTDQ3;A9WGDBDXUNLOD;6/17/18 2:17 AM;Q1AnsweryQ2Answern;Approved;"{""tweet_url"":""https://twitter.com/SteppinOutRadio/status/977213932984135685""}";;;;;;
3MNJFORX8BD2R7O0KDEISLLZTJD5FF;3LO69W1SU4MOUGLADM59FFDWBKCLGM;A23WTODPHXZ68Y;6/16/18 5:22 PM;Q1AnsweryQ2Answern;Approved;"{""tweet_url"":""https://twitter.com/SteppinOutRadio/status/977213932984135685""}";;;;;;
3MWOYZD5WVX0N97ZNGTU9WUZC53NO8;3AUQQEL7U62UFHMJDOICHWOIV1Z0VR;A9WGDBDXUNLOD;6/17/18 2:19 AM;Q1AnsweryQ2AnsweryQ3Answern;Approved;"{""tweet_url"":""https://twitter.com/ARAH_Jr/status/976250395638059008""}";;;;;;
3MWOYZD5WVX0N97ZNGTU9WUZC53NO8;3SNLUL3WO5W7ZYM5XRUQJUENKSRLUM;A23WTODPHXZ68Y;6/16/18 5:28 PM;Q1Answern;Approved;"{""tweet_url"":""https://twitter.com/ARAH_Jr/status/976250395638059008""}";;;;;;
3MWOYZD5WVX0N97ZNGTU9WUZC53NO8;3ZDAD0O1T2MNZFO5B574PSN88OJTXG;A2HR7ZIX42FEPG;6/18/18 12:43 PM;Q1AnsweryQ2Answers;Approved;"{""tweet_url"":""https://twitter.com/ARAH_Jr/status/976250395638059008""}";;;;;;
3NSCTNUR2ZW7VG7S9XSQEKA8W305A2;3B1NLC6UG05EL1085EYGWWMGGTGPGP;A2F0X4LN9N4O4C;6/15/18 11:11 PM;Q1Answern;Approved;"{""tweet_url"":""https://twitter.com/al_majed90/status/978606589262417921""}";;;;;;
3NSCTNUR2ZW7VG7S9XSQEKA8W305A2;3FDJT1UU75HFUDE8BQAHWI9SWA2K57;A2PBRI6BOYDN94;6/16/18 5:54 AM;Q1AnsweryQ2AnsweryQ3Answers;Approved;"{""tweet_url"":""https://twitter.com/al_majed90/status/978606589262417921""}";;;;;;
3NSCTNUR2ZW7VG7S9XSQEKA8W305A2;3IAS3U3I0GPM2DRRNUVQZ8NQP6YB29;A3GNQDFPZALU92;6/16/18 12:47 AM;Q1AnsweryQ2Answern;Approved;"{""tweet_url"":""https://twitter.com/al_majed90/status/978606589262417921""}";;;;;;
3NZ1E5QA6ZACEQCKFBSM9VUEELL5BX;36ZN444YTS7AWSU2G2L4S8U6L29IOS;A23WTODPHXZ68Y;6/16/18 5:21 PM;Q1AnsweryQ2Answern;Approved;"{""tweet_url"":""https://twitter.com/Royalory/status/978606373020848128""}";;;;;;
3NZ1E5QA6ZACEQCKFBSM9VUEELL5BX;3NL0RFNU0GWXYUA8XLR7RQ3EWEXK4S;A9WGDBDXUNLOD;6/15/18 6:29 PM;Q1Answern;Approved;"{""tweet_url"":""https://twitter.com/Royalory/status/978606373020848128""}";;;;;;
3NZ1E5QA6ZACEQCKFBSM9VUEELL5BX;3WT783CTPCQZ0VJTKNKWBLWC1YGCBQ;ATHS9GUME1XCA;6/17/18 3:39 AM;Q1Answern;Approved;"{""tweet_url"":""https://twitter.com/Royalory/status/978606373020848128""}";;;;;;
3OCZWXS7ZOGORZYW6OHGNYQJQFZ5LK;30ZX6P7VF94SKWP3BM87XW63XB02JE;AKSJ3C5O3V9RB;6/15/18 5:45 PM;Q1Answern;Approved;"{""tweet_url"":""https://twitter.com/WVLottery/status/975824662985953280""}";;;;;;
3OCZWXS7ZOGORZYW6OHGNYQJQFZ5LK;32Q90QCQ1TUFQW71MR3K0CF5934EK5;A104V8NZIQFN2F;6/16/18 7:44 AM;Q1Answern;Approved;"{""tweet_url"":""https://twitter.com/WVLottery/status/975824662985953280""}";;;;;;
3OCZWXS7ZOGORZYW6OHGNYQJQFZ5LK;39LNWE0K4V559XEZCOXDREMV3OXIU5;A23WTODPHXZ68Y;6/16/18 5:22 PM;Q1Answern;Approved;"{""tweet_url"":""https://twitter.com/WVLottery/status/975824662985953280""}";;;;;;
3OKP4QVBP265BDWCQTBHIH1XMCEAGP;386CSBG1O0VXOKCHTE4JKAZ1RB86Q4;A104V8NZIQFN2F;6/16/18 7:44 AM;Q1Answern;Approved;"{""tweet_url"":""https://twitter.com/deangelo_angela/status/975925935869489152""}";;;;;;
3OKP4QVBP265BDWCQTBHIH1XMCEAGP;3NGI5ARFTUEHHMA5NVDDP9IAE4V1PZ;A3AWC4P8QUK1XB;6/15/18 8:00 PM;Q1Answern;Approved;"{""tweet_url"":""https://twitter.com/deangelo_angela/status/975925935869489152""}";;;;;;
3OKP4QVBP265BDWCQTBHIH1XMCEAGP;3RJSC4XJ113DHN747X0ZDYUJIDO50G;A23WTODPHXZ68Y;6/16/18 5:35 PM;Q1Answern;Approved;"{""tweet_url"":""https://twitter.com/deangelo_angela/status/975925935869489152""}";;;;;;
3OPLMF3EU5WSHO42AOD2HFQ5H0YNLR;30H4UDGLT3REDBWUGHWB916DCFOMPQ;A9WGDBDXUNLOD;6/15/18 6:31 PM;Q1AnsweryQ2AnsweryQ3Answern;Approved;"{""tweet_url"":""https://twitter.com/leah_size/status/977599020121182208""}";;;;;;
3OPLMF3EU5WSHO42AOD2HFQ5H0YNLR;3G5W44VEU8RDAA3SSMT80F0HMJCGKH;A3GNQDFPZALU92;6/16/18 1:02 AM;Q1AnsweryQ2AnsweryQ3Answers;Approved;"{""tweet_url"":""https://twitter.com/leah_size/status/977599020121182208""}";;;;;;
3OPLMF3EU5WSHO42AOD2HFQ5H0YNLR;3WJEQKOXA9BAUI43YCVGZETFFJS1AI;A3GE7CHWBLELVD;6/16/18 3:48 PM;Q1AnsweryQ2AnsweryQ3Answern;Approved;"{""tweet_url"":""https://twitter.com/leah_size/status/977599020121182208""}";;;;;;
3OWZNK3RYLYZBS23XJ7JGEJQJW12UA;320DUZ38G8VIZQXAA1TWZ0047V7JGI;A23WTODPHXZ68Y;6/16/18 5:29 PM;Q1Answern;Approved;"{""tweet_url"":""https://twitter.com/evanino/status/979589533871362048""}";;;;;;
3OWZNK3RYLYZBS23XJ7JGEJQJW12UA;386PBUZZXG6YLIBBLSQCCS5C3BYJLR;A3GNQDFPZALU92;6/16/18 1:14 AM;Q1Answern;Approved;"{""tweet_url"":""https://twitter.com/evanino/status/979589533871362048""}";;;;;;
3OWZNK3RYLYZBS23XJ7JGEJQJW12UA;3DQQ64TANHUAINQ8KJ2YIZ84AICWP3;A9WGDBDXUNLOD;6/17/18 2:11 AM;Q1Answern;Approved;"{""tweet_url"":""https://twitter.com/evanino/status/979589533871362048""}";;;;;;
3P458N04Q1QRSWWY2OI60LIUDEI2X2;33FBRBDW6P8GYXLMHB0MKJ6BTSV8CN;A9WGDBDXUNLOD;6/17/18 2:11 AM;Q1Answern;Approved;"{""tweet_url"":""https://twitter.com/Social_mediasos/status/977094370490011649""}";;;;;;
3P458N04Q1QRSWWY2OI60LIUDEI2X2;3GS6S824SR6AF2EV44P6EA39A32NWP;A23WTODPHXZ68Y;6/16/18 5:28 PM;Q1Answern;Approved;"{""tweet_url"":""https://twitter.com/Social_mediasos/status/977094370490011649""}";;;;;;
3P458N04Q1QRSWWY2OI60LIUDEI2X2;3N2BF7Y2VR3M0UY6X4O60S4MQPPHMT;ATHS9GUME1XCA;6/17/18 3:43 AM;Q1Answern;Approved;"{""tweet_url"":""https://twitter.com/Social_mediasos/status/977094370490011649""}";;;;;;
3P7QK0GJ3TUGXRWD366RX6Y5LEG2ZZ;323Q6SJS8JPGUK6PBHKT52KDTN8FHD;AZD9Z5B2U40G2;6/16/18 12:48 AM;Q1Answern;Approved;"{""tweet_url"":""https://twitter.com/flybyourpants/status/976356666336825349""}";;;;;;
3P7QK0GJ3TUGXRWD366RX6Y5LEG2ZZ;35DR22AR5ETI0YQBWQ1D7FJAENG3XF;ATHS9GUME1XCA;6/15/18 6:23 PM;Q1Answern;Approved;"{""tweet_url"":""https://twitter.com/flybyourpants/status/976356666336825349""}";;;;;;
3P7QK0GJ3TUGXRWD366RX6Y5LEG2ZZ;3S3AMIZX3VESFSHDYJB26BKC4IHDCL;A1L5H5KX16J1LS;6/15/18 6:35 PM;Q1Answern;Approved;"{""tweet_url"":""https://twitter.com/flybyourpants/status/976356666336825349""}";;;;;;
3PA41K45VNDT5ORDM9PK2ZDZMVV7PZ;3018Q3ZVOJZYNN3KW6AV55BSJGFRAV;A35ARURSRU6UAZ;6/16/18 12:30 PM;Q1AnsweryQ2Answers;Approved;"{""tweet_url"":""https://twitter.com/DonCollinsPR/status/976137511801118720""}";;;;;;
3PA41K45VNDT5ORDM9PK2ZDZMVV7PZ;3KOPY89HM9BH5ELMFMMCG6BV3PEJ3K;A104V8NZIQFN2F;6/16/18 7:45 AM;Q1Answern;Approved;"{""tweet_url"":""https://twitter.com/DonCollinsPR/status/976137511801118720""}";;;;;;
3PA41K45VNDT5ORDM9PK2ZDZMVV7PZ;3PXX5PX6LY7B7GMV09O55Q6O1UJAB8;AKSJ3C5O3V9RB;6/15/18 5:45 PM;Q1Answern;Approved;"{""tweet_url"":""https://twitter.com/DonCollinsPR/status/976137511801118720""}";;;;;;
3PGQRAZX02T9X0361ZJEAH27DEASY0;37W3JXSD67H4R1I9B6YHVQ1GEMBYWT;A3GNQDFPZALU92;6/16/18 1:13 AM;Q1Answern;Approved;"{""tweet_url"":""https://twitter.com/KastroDaOne/status/979839991680589825""}";;;;;;
3PGQRAZX02T9X0361ZJEAH27DEASY0;3SKEMFQBZ4EYHVXA9OHK82JJY1QK8Y;ACJK1CSODSI6N;6/16/18 3:02 PM;Q1Answern;Approved;"{""tweet_url"":""https://twitter.com/KastroDaOne/status/979839991680589825""}";;;;;;
3PGQRAZX02T9X0361ZJEAH27DEASY0;3TXWC2NHN0ZWJJTSJPW0ZK54Z019S7;A104V8NZIQFN2F;6/16/18 7:45 AM;Q1Answern;Approved;"{""tweet_url"":""https://twitter.com/KastroDaOne/status/979839991680589825""}";;;;;;
3PN6H8C9R4Z2ZTMLO3A9CWY09KYADF;31Z0PCVWULOTK0IETS36VTAK6V4T7L;A2HR7ZIX42FEPG;6/18/18 12:42 PM;Q1Answern;Approved;"{""tweet_url"":""https://twitter.com/musingsbyglass/status/976711349295304704""}";;;;;;
3PN6H8C9R4Z2ZTMLO3A9CWY09KYADF;3HUTX6F6VVW6L7G0RZ0C5SNPW6CO2N;A23WTODPHXZ68Y;6/16/18 5:29 PM;Q1Answern;Approved;"{""tweet_url"":""https://twitter.com/musingsbyglass/status/976711349295304704""}";;;;;;
3PN6H8C9R4Z2ZTMLO3A9CWY09KYADF;3IO1LGZLKA6RIGCL7KNJYJE1X6K68T;A9WGDBDXUNLOD;6/17/18 2:10 AM;Q1Answern;Approved;"{""tweet_url"":""https://twitter.com/musingsbyglass/status/976711349295304704""}";;;;;;
3R6RZGK0XFLPPSKAVUOJL4MECI4VY8;3QXNC7EIPJ4WIA9GANDGPEZL49690A;A23WTODPHXZ68Y;6/16/18 5:20 PM;Q1AnsweryQ2Answern;Approved;"{""tweet_url"":""https://twitter.com/CaseytheRed/status/975823150150758400""}";;;;;;
3R6RZGK0XFLPPSKAVUOJL4MECI4VY8;3RGU30DZTBHIR0TWL4RRC5K13HFJMM;ACJK1CSODSI6N;6/16/18 3:02 PM;Q1AnsweryQ2Answern;Approved;"{""tweet_url"":""https://twitter.com/CaseytheRed/status/975823150150758400""}";;;;;;
3R6RZGK0XFLPPSKAVUOJL4MECI4VY8;3TPZPLC3M1LDRPOKAZRWD2X7CODP3J;A3GNQDFPZALU92;6/16/18 1:15 AM;Q1AnsweryQ2AnsweryQ3Answers;Approved;"{""tweet_url"":""https://twitter.com/CaseytheRed/status/975823150150758400""}";;;;;;
3RZS0FBRWKJZH5M9DQXVIL5DN6MCPX;37ZHEEHM6XVOLJKKEDXFDG6MCUE731;A104V8NZIQFN2F;6/16/18 7:46 AM;Q1Answern;Approved;"{""tweet_url"":""https://twitter.com/gapfr0/status/976246673172201472""}";;;;;;
3RZS0FBRWKJZH5M9DQXVIL5DN6MCPX;3NOKK93PR2HC4WFRQ5SH2H20P7UEE9;A3CFNUD7VR2E1E;6/16/18 4:39 PM;Q1Answern;Approved;"{""tweet_url"":""https://twitter.com/gapfr0/status/976246673172201472""}";;;;;;
3RZS0FBRWKJZH5M9DQXVIL5DN6MCPX;3W92K5RLWVQTAO8KAUOOYRK9C855VA;A3GNQDFPZALU92;6/16/18 12:45 AM;Q1Answern;Approved;"{""tweet_url"":""https://twitter.com/gapfr0/status/976246673172201472""}";;;;;;
3S1L4CQSFXEZXD0HF95Z0W1LLXEAFQ;3IOEN3P9S8S97GS08ZE4J9RTJ0416U;A23WTODPHXZ68Y;6/16/18 5:19 PM;Q1AnsweryQ2Answern;Approved;"{""tweet_url"":""https://twitter.com/emewhort/status/975934316906659840""}";;;;;;
3S1L4CQSFXEZXD0HF95Z0W1LLXEAFQ;3RXCAC0YISYTF91RJXW5AARQRJ28GA;A33M7EZ72P8TWF;6/16/18 11:10 AM;Q1AnsweryQ2AnswernQ3Answern;Approved;"{""tweet_url"":""https://twitter.com/emewhort/status/975934316906659840""}";;;;;;
3S1L4CQSFXEZXD0HF95Z0W1LLXEAFQ;3U0SRXB7CEE576X95AF0RBVSINKRNL;AURYD2FH3FUOQ;6/15/18 5:39 PM;Q1AnsweryQ2Answern;Approved;"{""tweet_url"":""https://twitter.com/emewhort/status/975934316906659840""}";;;;;;
3SA4EMRVJVBFNDRT1A4BNK3CEHP0PS;3RXCAC0YISYTF91RJXW5AARQRKN8GX;A9WGDBDXUNLOD;6/17/18 2:18 AM;Q1AnsweryQ2Answern;Approved;"{""tweet_url"":""https://twitter.com/EandCpubLyon/status/975836066434478080""}";;;;;;
3SA4EMRVJVBFNDRT1A4BNK3CEHP0PS;3WMINLGALCCUHLE1E9K0GAC6JGVCAV;ATHS9GUME1XCA;6/17/18 3:39 AM;Q1AnsweryQ2Answern;Approved;"{""tweet_url"":""https://twitter.com/EandCpubLyon/status/975836066434478080""}";;;;;;
3SA4EMRVJVBFNDRT1A4BNK3CEHP0PS;3WQ3B2KGE9PFDS9V4QVCUPDLX1FB1P;A23WTODPHXZ68Y;6/16/18 5:16 PM;Q1AnsweryQ2AnsweryQ3Answern;Approved;"{""tweet_url"":""https://twitter.com/EandCpubLyon/status/975836066434478080""}";;;;;;
3SCKNODZ0XPT23F06UCSYA84MGU7N3;3Z7ISHFUH14T6QWW9PKUVH7W29D8ZG;A1NYV6LPHCYADS;6/16/18 2:20 AM;Q1AnsweryQ2AnsweryQ3Answery;Approved;"{""tweet_url"":""https://twitter.com/FirstFrontierBC/status/976190902963261443""}";;;;;;
3SCKNODZ0XPT23F06UCSYA84MGU7N3;3ZDAD0O1T2MNZFO5B574PSN88MWTXP;A2TC1ZFCTOCDA5;6/15/18 10:00 PM;Q1AnsweryQ2AnsweryQ3Answery;Approved;"{""tweet_url"":""https://twitter.com/FirstFrontierBC/status/976190902963261443""}";;;;;;
3SCKNODZ0XPT23F06UCSYA84MGU7N3;3ZOTGHDK5JKZQ6XYLEFIWA0TUZ9OSM;A20NITCOBY4775;6/15/18 6:14 PM;Q1AnsweryQ2AnsweryQ3Answern;Approved;"{""tweet_url"":""https://twitter.com/FirstFrontierBC/status/976190902963261443""}";;;;;;
3SD15I2WD233UZ8L51NLJIA2MOJ36K;32XVDSJFP06IL4VOEJLZDOYK15OM2V;A35ARURSRU6UAZ;6/16/18 12:29 PM;Q1Answern;Approved;"{""tweet_url"":""https://twitter.com/JaseSpots/status/975836121828503552""}";;;;;;
3SD15I2WD233UZ8L51NLJIA2MOJ36K;3AMYWKA6YCVU38Z1E1CFV541CAD6OJ;A2PBRI6BOYDN94;6/15/18 6:24 PM;Q1Answern;Approved;"{""tweet_url"":""https://twitter.com/JaseSpots/status/975836121828503552""}";;;;;;
3SD15I2WD233UZ8L51NLJIA2MOJ36K;3QRYMNZ7FZQINLA19ZKVRQWA69KNTZ;A23WTODPHXZ68Y;6/16/18 5:27 PM;Q1Answern;Approved;"{""tweet_url"":""https://twitter.com/JaseSpots/status/975836121828503552""}";;;;;;
3T6EIBTM9LX41MJ94TJ7MVQUOH1AAD;39ZSFO5CA95148Y5U6ID3F1VG2KUJP;ATHS9GUME1XCA;6/15/18 6:22 PM;Q1Answern;Approved;"{""tweet_url"":""https://twitter.com/Ash45986/status/979003154401460225""}";;;;;;
3T6EIBTM9LX41MJ94TJ7MVQUOH1AAD;3GD6L00D3T6BWJDSVFLL85OF9Z5M19;A2HNP1YL1IBFMU;6/16/18 9:42 AM;Q1Answern;Approved;"{""tweet_url"":""https://twitter.com/Ash45986/status/979003154401460225""}";;;;;;
3T6EIBTM9LX41MJ94TJ7MVQUOH1AAD;3Y54SXRO1MUVIBUA60WH5LO4E42UTL;A33M7EZ72P8TWF;6/16/18 11:11 AM;Q1Answern;Approved;"{""tweet_url"":""https://twitter.com/Ash45986/status/979003154401460225""}";;;;;;
3TD33TP5DLB9KWO1A7J3H6A06ZMAB8;36AHBNMV1SL5IVIIUBTR32CV78PYD8;A2HR7ZIX42FEPG;6/18/18 12:43 PM;Q1AnsweryQ2AnsweryQ3Answers;Approved;"{""tweet_url"":""https://twitter.com/artatequila/status/978394428577468416""}";;;;;;
3TD33TP5DLB9KWO1A7J3H6A06ZMAB8;3D3VGR7TA1OY324ZNRVLIXXMD763RW;A9WGDBDXUNLOD;6/17/18 2:20 AM;Q1AnsweryQ2Answern;Approved;"{""tweet_url"":""https://twitter.com/artatequila/status/978394428577468416""}";;;;;;
3TD33TP5DLB9KWO1A7J3H6A06ZMAB8;3LBXNTKX0S44F0FRDZ2NYSMWEGRX9T;A23WTODPHXZ68Y;6/16/18 5:34 PM;Q1AnsweryQ2Answern;Approved;"{""tweet_url"":""https://twitter.com/artatequila/status/978394428577468416""}";;;;;;
3TLFH2L6Y9XKBFNEXEH9BIXO0ITT29;33OOO72IVIUZWHDAK9BHBF2Y745CT3;A1L5H5KX16J1LS;6/15/18 6:30 PM;Q1Answern;Approved;"{""tweet_url"":""https://twitter.com/cgschenone/status/977032410725535746""}";;;;;;
3TLFH2L6Y9XKBFNEXEH9BIXO0ITT29;3HPZF4IVNN2VD3C4UFYGJWUDM6NCYS;A9WGDBDXUNLOD;6/15/18 6:31 PM;Q1Answern;Approved;"{""tweet_url"":""https://twitter.com/cgschenone/status/977032410725535746""}";;;;;;
3TLFH2L6Y9XKBFNEXEH9BIXO0ITT29;3QECW5O0KIAEXW4V5ZO9X9WOFNIT5B;A20NITCOBY4775;6/15/18 6:12 PM;Q1Answern;Approved;"{""tweet_url"":""https://twitter.com/cgschenone/status/977032410725535746""}";;;;;;
3TLFH2L6Y9XKBFNEXEH9BIXO0IU2TJ;32VNZTT0A8DJLYN3N504S2PSR7T4R9;A23WTODPHXZ68Y;6/16/18 5:34 PM;Q1AnsweryQ2Answern;Approved;"{""tweet_url"":""https://twitter.com/SteppinOutRadio/status/979764974305263617""}";;;;;;
3TLFH2L6Y9XKBFNEXEH9BIXO0IU2TJ;3NPI0JQDAPEIQ6MEPEXNVF156NCTPQ;A35ARURSRU6UAZ;6/16/18 12:30 PM;Q1AnsweryQ2Answern;Approved;"{""tweet_url"":""https://twitter.com/SteppinOutRadio/status/979764974305263617""}";;;;;;
3TLFH2L6Y9XKBFNEXEH9BIXO0IU2TJ;3WQQ9FUS6B3XOSTG3B4R9Z0TB7V8BG;A9WGDBDXUNLOD;6/17/18 2:10 AM;Q1AnsweryQ2Answern;Approved;"{""tweet_url"":""https://twitter.com/SteppinOutRadio/status/979764974305263617""}";;;;;;
3TRB893CSJJNSBYEJQZX8QZ7L487GV;39ASUFLU6YGLAW68LAI9Q6N75C7XE1;A3AWC4P8QUK1XB;6/15/18 8:00 PM;Q1AnsweryQ2Answers;Approved;"{""tweet_url"":""https://twitter.com/mix_stir/status/978450657970601984""}";;;;;;
3TRB893CSJJNSBYEJQZX8QZ7L487GV;3D8YOU6S9FTPGDJYANOOUBWQUW0U6J;A7114FTRGZMK2;6/15/18 6:19 PM;Q1Answern;Approved;"{""tweet_url"":""https://twitter.com/mix_stir/status/978450657970601984""}";;;;;;
3TRB893CSJJNSBYEJQZX8QZ7L487GV;3NJM2BJS4XF14PK33S2X6511I2LPCE;A23WTODPHXZ68Y;6/16/18 5:33 PM;Q1AnsweryQ2Answern;Approved;"{""tweet_url"":""https://twitter.com/mix_stir/status/978450657970601984""}";;;;;;
3UEDKCTP9VZSUXUX9HKC6IR0SLP7KY;304SM51WA4DF7C8PH9AWQQ0UN1SBS9;A23WTODPHXZ68Y;6/16/18 5:25 PM;Q1AnsweryQ2Answern;Approved;"{""tweet_url"":""https://twitter.com/SteppinOutRadio/status/976680347105505281""}";;;;;;
3UEDKCTP9VZSUXUX9HKC6IR0SLP7KY;32M8BPYGAUVM4FD4SJ8WNZL4UGSGID;A9WGDBDXUNLOD;6/17/18 2:20 AM;Q1AnsweryQ2Answern;Approved;"{""tweet_url"":""https://twitter.com/SteppinOutRadio/status/976680347105505281""}";;;;;;
3UEDKCTP9VZSUXUX9HKC6IR0SLP7KY;3I0BTBYZAYUBJBHOIZ5WOVSCDHJ0YG;A35ARURSRU6UAZ;6/16/18 12:30 PM;Q1AnsweryQ2Answern;Approved;"{""tweet_url"":""https://twitter.com/SteppinOutRadio/status/976680347105505281""}";;;;;;
3UOMW19E6DFVOV4QTBOHKF0WW6L5C4;31EUONYN2WCFIYE2F9KN7XK0T33OVR;A20NITCOBY4775;6/15/18 6:15 PM;Q1AnsweryQ2AnsweryQ3Answern;Approved;"{""tweet_url"":""https://twitter.com/SteppinOutRadio/status/978448109905764353""}";;;;;;
3UOMW19E6DFVOV4QTBOHKF0WW6L5C4;3SITXWYCNWIN3TUOBJGJPYHM2F6BXR;ATHS9GUME1XCA;6/16/18 7:46 AM;Q1AnsweryQ2AnsweryQ3Answern;Approved;"{""tweet_url"":""https://twitter.com/SteppinOutRadio/status/978448109905764353""}";;;;;;
3UOMW19E6DFVOV4QTBOHKF0WW6L5C4;3VW6495TLK98G6D9Q7G5GNMWPUBYYS;A3GNQDFPZALU92;6/16/18 1:14 AM;Q1AnsweryQ2Answern;Approved;"{""tweet_url"":""https://twitter.com/SteppinOutRadio/status/978448109905764353""}";;;;;;
3UUIU9GZC5ECAC61FXJ79P00KSKT5A;3NG53N1RLWSZSMUQMGMS4J5ISAYP84;A1FDIHWP9E11K8;6/15/18 5:48 PM;Q1Answern;Approved;"{""tweet_url"":""https://twitter.com/LumiereChild/status/976165727928573956""}";;;;;;
3UUIU9GZC5ECAC61FXJ79P00KSKT5A;3RRCEFRB7NLW5R6ER8EESNKO9KQB41;A1L5H5KX16J1LS;6/15/18 8:29 PM;Q1Answern;Approved;"{""tweet_url"":""https://twitter.com/LumiereChild/status/976165727928573956""}";;;;;;
3UUIU9GZC5ECAC61FXJ79P00KSKT5A;3TAYZSBPLMHLJZ8TYGHLPXXQTUHS2O;A2TC1ZFCTOCDA5;6/15/18 10:00 PM;Q1Answern;Approved;"{""tweet_url"":""https://twitter.com/LumiereChild/status/976165727928573956""}";;;;;;
3UUSLRKAULCKGRONH0YP25WA8CS7DL;37UEWGM5HUH2TZQK0NH2U4IPFM9R17;A35ARURSRU6UAZ;6/16/18 12:27 PM;Q1Answern;Approved;"{""tweet_url"":""https://twitter.com/Juliaklopriore/status/979557094197260288""}";;;;;;
3UUSLRKAULCKGRONH0YP25WA8CS7DL;3C5W7UE9CGZJMKYL286S3ESGEFYMXH;A23WTODPHXZ68Y;6/16/18 5:33 PM;Q1Answern;Approved;"{""tweet_url"":""https://twitter.com/Juliaklopriore/status/979557094197260288""}";;;;;;
3UUSLRKAULCKGRONH0YP25WA8CS7DL;3ERET4BTVNIYV0GKEGNY8YEUI6O9KQ;A104V8NZIQFN2F;6/16/18 7:45 AM;Q1Answern;Approved;"{""tweet_url"":""https://twitter.com/Juliaklopriore/status/979557094197260288""}";;;;;;
3VCK0Q0PO5NFKSFGLVRJJVYHE2O0NW;3HPZF4IVNN2VD3C4UFYGJWUDM6MYCD;A20NITCOBY4775;6/15/18 6:11 PM;Q1Answern;Approved;"{""tweet_url"":""https://twitter.com/EmilyOumano/status/975917831379398656""}";;;;;;
3VCK0Q0PO5NFKSFGLVRJJVYHE2O0NW;3MRNMEIQW6FLIWBJBW419UAZYSWDL4;A23WTODPHXZ68Y;6/16/18 5:19 PM;Q1AnsweryQ2Answern;Approved;"{""tweet_url"":""https://twitter.com/EmilyOumano/status/975917831379398656""}";;;;;;
3VCK0Q0PO5NFKSFGLVRJJVYHE2O0NW;3Z3ZLGNNSJ3YR1PZAC6LD7NHHL43QV;A9WGDBDXUNLOD;6/17/18 2:18 AM;Q1Answern;Approved;"{""tweet_url"":""https://twitter.com/EmilyOumano/status/975917831379398656""}";;;;;;
3VO4XFFP15VE50SSMM492439RRH7QQ;3G5W44VEU8RDAA3SSMT80F0HMK7GKE;A23WTODPHXZ68Y;6/16/18 5:22 PM;Q1AnsweryQ2Answern;Approved;"{""tweet_url"":""https://twitter.com/killmarkyv/status/976129551419011073""}";;;;;;
3VO4XFFP15VE50SSMM492439RRH7QQ;3S0TNUHWKURQ3PR0H7VX4POTES78DN;A9WGDBDXUNLOD;6/17/18 2:12 AM;Q1Answern;Approved;"{""tweet_url"":""https://twitter.com/killmarkyv/status/976129551419011073""}";;;;;;
3VO4XFFP15VE50SSMM492439RRH7QQ;3TE22NPXPCLCKSL5CT4RK9EIZUY44H;A2HR7ZIX42FEPG;6/18/18 12:43 PM;Q1AnsweryQ2Answern;Approved;"{""tweet_url"":""https://twitter.com/killmarkyv/status/976129551419011073""}";;;;;;
3WRBLBQ2GRH9A0YUYREOTBPKDQ20GO;3H7Z272LX8GU7TE9G5VW9OROCAQLPF;A35ARURSRU6UAZ;6/16/18 12:27 PM;Q1AnsweryQ2AnsweryQ3Answern;Approved;"{""tweet_url"":""https://twitter.com/campusfinewines/status/979098451714691073""}";;;;;;
3WRBLBQ2GRH9A0YUYREOTBPKDQ20GO;3K2755HG5TCZI41NPL13EH5F1VFFD4;A3GNQDFPZALU92;6/16/18 12:45 AM;Q1AnsweryQ2AnsweryQ3Answers;Approved;"{""tweet_url"":""https://twitter.com/campusfinewines/status/979098451714691073""}";;;;;;
3WRBLBQ2GRH9A0YUYREOTBPKDQ20GO;3SKEMFQBZ4EYHVXA9OHK82JJY0TK8Z;A9WGDBDXUNLOD;6/15/18 6:31 PM;Q1AnsweryQ2Answern;Approved;"{""tweet_url"":""https://twitter.com/campusfinewines/status/979098451714691073""}";;;;;;
3X4Q1O9UBHVBKOFC79C5DZ89CQZ7OI;3C5W7UE9CGZJMKYL286S3ESGEENXMF;A33M7EZ72P8TWF;6/16/18 11:12 AM;Q1Answern;Approved;"{""tweet_url"":""https://twitter.com/CollinsCigarPR/status/976137511893458944""}";;;;;;
3X4Q1O9UBHVBKOFC79C5DZ89CQZ7OI;3PDJHANYK6PKBRDEAOHPBW700OCH6J;A104V8NZIQFN2F;6/16/18 7:46 AM;Q1Answern;Approved;"{""tweet_url"":""https://twitter.com/CollinsCigarPR/status/976137511893458944""}";;;;;;
3X4Q1O9UBHVBKOFC79C5DZ89CQZ7OI;3Z4GS9HPNWJ6M2L7GP05QXI2HXP77X;A23WTODPHXZ68Y;6/16/18 5:34 PM;Q1Answern;Approved;"{""tweet_url"":""https://twitter.com/CollinsCigarPR/status/976137511893458944""}";;;;;;
3X878VYTIERHEB2J86TFQ5ZVKP87FW;34J10VATJG7DH47IVFD8HDP603RQI8;A23WTODPHXZ68Y;6/16/18 5:26 PM;Q1AnsweryQ2Answern;Approved;"{""tweet_url"":""https://twitter.com/CaptainGroovy/status/979223343168737281""}";;;;;;
3X878VYTIERHEB2J86TFQ5ZVKP87FW;3YOH7BII0AGWS7TNHHSU0G3R9YKKVU;A33M7EZ72P8TWF;6/16/18 11:10 AM;Q1AnsweryQ2Answern;Approved;"{""tweet_url"":""https://twitter.com/CaptainGroovy/status/979223343168737281""}";;;;;;
3X878VYTIERHEB2J86TFQ5ZVKP87FW;3Z9WI9EOZ0XRA6Y3CSBQLFCI1JJKHE;A9WGDBDXUNLOD;6/15/18 6:32 PM;Q1AnsweryQ2Answern;Approved;"{""tweet_url"":""https://twitter.com/CaptainGroovy/status/979223343168737281""}";;;;;;
3XDSWAMB221KHHNOD3CKIQVNS28CQO;33FOTY3KENUYNX11IQR759J3FMF1CM;A23WTODPHXZ68Y;6/16/18 5:23 PM;Q1Answern;Approved;"{""tweet_url"":""https://twitter.com/Thefirdaydeals/status/975905410497495041""}";;;;;;
3XDSWAMB221KHHNOD3CKIQVNS28CQO;3M0NZ3JDP27AJ8DUBRDRJXX50KFZ5A;A9WGDBDXUNLOD;6/17/18 2:12 AM;Q1Answern;Approved;"{""tweet_url"":""https://twitter.com/Thefirdaydeals/status/975905410497495041""}";;;;;;
3XDSWAMB221KHHNOD3CKIQVNS28CQO;3N4BPTXIO91WFS4NCRIP4U18VRFUKJ;A3CFNUD7VR2E1E;6/16/18 1:44 PM;Q1Answern;Approved;"{""tweet_url"":""https://twitter.com/Thefirdaydeals/status/975905410497495041""}";;;;;;
3XEDXEGFX3XECMUDOIZ3R3HDK7J0KR;338JKRMM278LYTPH01Y1R19MW8QHAZ;A23WTODPHXZ68Y;6/16/18 5:32 PM;Q1Answern;Approved;"{""tweet_url"":""https://twitter.com/AnimalConnected/status/976863120365948929""}";;;;;;
3XEDXEGFX3XECMUDOIZ3R3HDK7J0KR;3634BBTX0P3GQFH9HZ2E5ELST0NFI6;A3GNQDFPZALU92;6/16/18 12:47 AM;Q1Answern;Approved;"{""tweet_url"":""https://twitter.com/AnimalConnected/status/976863120365948929""}";;;;;;
3XEDXEGFX3XECMUDOIZ3R3HDK7J0KR;3WRFBPLXRBXDO4C7UKE49DSCCAH3N8;A9WGDBDXUNLOD;6/17/18 2:12 AM;Q1Answern;Approved;"{""tweet_url"":""https://twitter.com/AnimalConnected/status/976863120365948929""}";;;;;;
3ZG552ORAMDZO7R329HOC0L9X3A2VZ;35USIKEBNSPCLNZPDMC2GG4WM0L6NH;A104V8NZIQFN2F;6/16/18 7:44 AM;Q1Answern;Approved;"{""tweet_url"":""https://twitter.com/Social_mediasos/status/978492757621780480""}";;;;;;
3ZG552ORAMDZO7R329HOC0L9X3A2VZ;3KAKFY4PGVBLA31GX41C45WVQBN3IS;A9WGDBDXUNLOD;6/17/18 2:10 AM;Q1Answern;Approved;"{""tweet_url"":""https://twitter.com/Social_mediasos/status/978492757621780480""}";;;;;;
3ZG552ORAMDZO7R329HOC0L9X3A2VZ;3RXPCZQMQQKB49H6KCNQV04IDE71GW;A23WTODPHXZ68Y;6/16/18 5:24 PM;Q1Answern;Approved;"{""tweet_url"":""https://twitter.com/Social_mediasos/status/978492757621780480""}";;;;;;
3ZLW647WAL4FCYPKIZBIT5TQ6JH323;32M8BPYGAUVM4FD4SJ8WNZL4UFOGI7;A1NYV6LPHCYADS;6/16/18 2:21 AM;Q1Answern;Approved;"{""tweet_url"":""https://twitter.com/asstastic02/status/976125564749778944""}";;;;;;
3ZLW647WAL4FCYPKIZBIT5TQ6JH323;3ATTHHXXWBXXQ18UHT80BLLZX6EIXX;A23WTODPHXZ68Y;6/16/18 5:23 PM;Q1Answern;Approved;"{""tweet_url"":""https://twitter.com/asstastic02/status/976125564749778944""}";;;;;;
3ZLW647WAL4FCYPKIZBIT5TQ6JH323;3OLQQLKKNTYKFC1J4638ZXFSUEJJEQ;A35ARURSRU6UAZ;6/16/18 12:27 PM;Q1Answern;Approved;"{""tweet_url"":""https://twitter.com/asstastic02/status/976125564749778944""}";;;;;;
3ZXNP4Z39RU3E3CFUHWDLI4FHLU7L1;3FTOP5WARGXLOMMPWZ4TE8DO0DH0JT;A20NITCOBY4775;6/15/18 6:17 PM;Q1Answern;Approved;"{""tweet_url"":""https://twitter.com/jzmurdock/status/976635359340716032""}";;;;;;
3ZXNP4Z39RU3E3CFUHWDLI4FHLU7L1;3IXQG4FA2U7X2XCQ83A59VV4VD39BW;A23WTODPHXZ68Y;6/16/18 5:24 PM;Q1Answern;Approved;"{""tweet_url"":""https://twitter.com/jzmurdock/status/976635359340716032""}";;;;;;
3ZXNP4Z39RU3E3CFUHWDLI4FHLU7L1;3PPTZCWALRTZCUWSVJ1UH8SWWFVZQE;A2TC1ZFCTOCDA5;6/15/18 10:00 PM;Q1AnsweryQ2AnsweryQ3Answery;Approved;"{""tweet_url"":""https://twitter.com/jzmurdock/status/976635359340716032""}";;;;;;
